Factory_Name,Category,Product_Type,Brand,Empty,Parent_Group,Address,City,State,Zip,Country,Region,Workers,Female_Workers,Line_Workers,Migrant_Workers
"Fjord, Ltd.",FINISHED GOODS,Apparel,Nike,,TEGRA,3099 N Pacific Highway Suite 100,Woodburn,Oregon,97071,USA,AMERICAS,114,98,89,0
"KKN Apparel Co.,ltd",FINISHED GOODS,Apparel,Nike,Collegiate,NICE APPAREL,KKSEZ Neangkok Paklong Commune  Modulsiem Koh Kong  Cambodia,Koh Kong,Kaoh Kong,09401,Cambodia,SE ASIA,6722,5979,1,0
Top Summit Garment Inc,FINISHED GOODS,Apparel,Nike,Collegiate,SABRINA,National Rd No 4,Kandal,Kandaal,315000,Cambodia,SE ASIA,6030,4229,95,0
COOPERSHOES-COOPERATIVA DE TRABALHO E INDUSTRIA DE CALCADOS JOANETENSE LTDA (Morada Nova).,FINISHED GOODS,Footwear,Converse,,COOPERSHOES,Avenida Vereador Paulo Rabelo de Brito 2065,Morada Nova,Ceará,62.942-552,Brazil,AMERICAS,3539,2688,57,0
"HESHENG CO., LTD.",FINISHED GOODS,Equipment,Nike,Collegiate,HESHENG,Lot G14 Que Vo Industrial Park expansion,Bac Ninh,Bc Ninh,16852,Vietnam,SE ASIA,62,58,59,3
"Hi-Tech Viet Nam Apparel Co.,Ltd.",FINISHED GOODS,Apparel,Nike,,HI TECH,"Block A3.2, Tay An Industrial Zone, Duy Trung Commune",Duy Xuyen District,Qung Nam,560000,Vietnam,SE ASIA,1692,1677,82,0
"SHCA GARMENT (CAMBODIA) CO., LTD",FINISHED GOODS,Apparel,Nike,,SHCA GARMENT,Prey Sala Village Roleang Kreul Commune,Samraong Tong ,Kampong Spueu,050106,Cambodia,SE ASIA,543,523,55,2
B'LAO SPORT COMPANY LIMITED,FINISHED GOODS,Apparel,Nike,,BLAO SPORT,Lot CN 37B Zone C Phong Dien Industrial Zone Phong Dien Ward,Hue,Tha Thiên-Hu,530000,Vietnam,SE ASIA,445,397,76,0
YSA  MOL,FINISHED GOODS,Apparel,Nike,,YESIM,STR CEBANOV 3a,TARAKLIA,Gagauzia-- Unitate,7402,Moldova,EMEA,392,313,96,0
"Long Fa Shoes Industrial Huizhou Co., Ltd.",FINISHED GOODS,Footwear,Nike,,DEAN SHOES,"LONGTING INDUS. PARK, LONGXI TOWN, BOLUO COUNTY",Huizhou,Guangdong,516121,China,N ASIA,5317,4011,65,0
C.C. Creations,FINISHED GOODS,Apparel,Nike,Collegiate,CC CREATIONS,619 Capitol Pkwy,Bryan,Texas,77807,USA,AMERICAS,282,243,67,0
TNG INVESTMENT AND TRADING JSC - DONG HY GARMENT,FINISHED GOODS,Apparel,Nike,,TNG,Ngoi Cheo Hamlet Nam Hoa Commune ,Thai Nguyen City,Thái Nguyên,25000,Vietnam,SE ASIA,1431,1290,80,0
PT.BERKAH KARYA JAYA SENTOSA,FINISHED GOODS,Apparel,Nike,Collegiate,PT.BERKAH KARYA,KIC Gatot Subroto St block 8F no 07 Ngaliyan,Semarang,Jawa Tengah,50181,Indonesia,S ASIA,132,105,43,0
"Nan Yang Garment Co., Ltd.",FINISHED GOODS,Apparel,Nike,,NAN YANG,99 1 Moo 4 Banna,Wachirabaramee,Phichit,66140,Thailand,SE ASIA,2463,2120,80,18
ELITE APPARATECH LLC,FINISHED GOODS,Apparel,Nike,,ELITE APPARATECH,Street No 5 Long Khanh Industrial Zone,Long Khanh City,Ðng Nai,76000,Vietnam,SE ASIA,1003,779,75,0
PT. Formosa Bag Indonesia,FINISHED GOODS,Equipment,Nike,,FORMOSA,Jl Raya Semarang Puwodadi Km 26 Gebangan Tegowanu,Grobogan,Jawa Tengah,58165,Indonesia,S ASIA,5865,5191,87,1
"SNP CO.,LTD.",FINISHED GOODS,Apparel,Nike,,SPORTS CITY,"11F., No.585, Ruiguang Rd.",Taipei City,Bình Duong,11492,Vietnam,SE ASIA,2780,2456,90,0
"K-L MFG. CO., INC.",FINISHED GOODS,Apparel,Nike,Collegiate,K&L MANUFACTURING,2438 North Ruby Street,Spokane,Washington,99207,USA,AMERICAS,98,92,68,0
"Dongguan Stella Footwear Product Creation Co., LTD.",FINISHED GOODS,Footwear,Nike,Collegiate,STELLA,Hou Da Road Da Ling Management District,Dongguan,Guangdong,523835,China,N ASIA,457,290,53,0
MAXPORT LIMITED VIET NAM _ NAM DINH BRANCH MAXPORT 06,FINISHED GOODS,Apparel,Nike,Collegiate,MAXPORT,No 361 Nguyen Van Troi,Nam Dinh,Nam Ðnh,42000,Vietnam,SE ASIA,443,408,88,0
"Haiyan Golden Gate Socks Industry Co., Ltd",FINISHED GOODS,Equipment,Nike,,HAIYAN,No 15 Zhangqiao Village,Haiyan,Zhejiang,314300,China,N ASIA,70,52,88,0
Blue Star Graphics,FINISHED GOODS,Apparel,Nike,Collegiate,BLUE STAR,15825 Gateway Drive,Frisco,Texas,75033,USA,AMERICAS,45,41,66,0
Germton Development Company Limited,FINISHED GOODS,Apparel,Nike,,GERMTON DEVELOPMENT,Doi 30 Industrial Clusters ,Phu Ninh District,Qung Nam,52706,Vietnam,SE ASIA,495,457,91,0
"SHAHI EXPORTS PVT LTD, UNIT 37",FINISHED GOODS,Apparel,Nike,,SHAHI,SY NO  256 P 252 P AND 96 P,MYSORE,Karnataka,570018,India,S ASIA,1863,1827,91,0
PT. POU YUEN INDONESIA,FINISHED GOODS,Footwear,Nike,,POU CHEN,"JALAN RAYA CIANJUR BANDUNG KM7, KAMPUNG LEMBUR SAWAH",CIANJUR,Jawa Barat,43284,Indonesia,S ASIA,12122,9959,57,0
PT. Glorystar Wisesa,FINISHED GOODS,Apparel,Nike,,GLORYSTAR WISESA,Jl Raya Cirebon Bandung Paningkiran Sumberjaya,Majalengka,Jawa Barat,45455,Indonesia,S ASIA,585,541,94,0
Long Chuan Simona Footwear Co. Ltd,FINISHED GOODS,Footwear,Nike,Collegiate,STELLA,Xin cheng Long Chuan,HeYuan,Guangdong,517300,China,N ASIA,4537,3848,90,0
Cassia Garment Company Limited,FINISHED GOODS,Apparel,Nike,,RAMATEX,287 289 Suksawad 30 Suksawad Road Bangpakok,Rathjaburana,Bangkok,10140,Thailand,SE ASIA,764,638,65,91
Iruna Comunicacion Textil - SERISUR,FINISHED GOODS,Apparel,Nike,,IRUNA,Poligono Industrial La Rosa V,Chauchina-Granada,Andalucía,18330,Spain,EMEA,16,13,62,0
Minone Enterprises Co Ltd,FINISHED GOODS,Equipment,Nike,,MINONE,253 MOO 6 NONGBOT SUBDISTRICT,NANGRONG,Buri Ram,31110,Thailand,SE ASIA,483,439,76,0
TUNTEX SOC TRANG VIETNAM CO.LTD,FINISHED GOODS,Apparel,Nike,Collegiate,TUNTEX,Lot H  An Nghiep Industrial Zone  An Ninh Commune,Can Tho,Sóc Trang,94000,Vietnam,SE ASIA,1897,1446,85,1
PT. TKG TAEKWANG INDONESIA,FINISHED GOODS,Footwear,Nike,,TAEKWANG,Belendung II RT 17 RW 06,"Belendung, Cibogo",Jawa Barat,41285,Indonesia,S ASIA,26020,23224,100,0
"Universal Sporting Goods (Thai) Co., Ltd.",FINISHED GOODS,Apparel,Nike,Collegiate,UNIVERSAL,91 Moo 1 Petchakasern Rd Soi Wattheintad T Banmai,samphan,Nakhon Pathom,73110,Thailand,SE ASIA,457,419,75,42
"VIETNAM CHINGLUH SHOES CO.,LTD - VINH LONG BRANCH II",FINISHED GOODS,Footwear,Nike,,CHING LUH,HOA PHU INDUSTRIAL PARK,LONG HO DISTRICT,Vinh Long,890000,Vietnam,SE ASIA,693,494,39,0
"M.I.I.T. CO., LTD",FINISHED GOODS,Apparel,Nike,,M.I.I.T. CO,30 9 Moo 1,Mueang Samutsakhon,Samut Sakhon,74000,Thailand,SE ASIA,393,315,70,96
M S STYLE TEXTILE (PVT.) LIMITED (SUNDER) - unit VI,FINISHED GOODS,Apparel,Nike,Collegiate,STYLE TEXTILE,PLOT NO 143 to 146 and 151 to 155,Lahore,Punjab,53801,Pakistan,S ASIA,3858,3019,30,0
ARTFX INC.,FINISHED GOODS,Apparel,Nike,,TEGRA,3801 E Princess Anne Rd.,Norfolk,Virginia,23502,USA,AMERICAS,308,261,54,0
VIET THINH GARMENT JOINT STOCK COMPANY,FINISHED GOODS,Apparel,Nike,Collegiate,SOUTH ISLAND,58 Thoai Ngoc Hau street,HO CHI MINH,Ho Chi Minh,84,Vietnam,SE ASIA,1625,1345,81,0
"MING YANG INDUSTRY (CAMBODIA) CO., LTD",FINISHED GOODS,Equipment,Nike,,MINGYANG, Kong Pisei District Kampong Speu Province,Phnom Penh,Kampong Spueu,050311,Cambodia,SE ASIA,670,623,67,2
PT. Feng Tay Indonesia Enterprises,FINISHED GOODS,Footwear,Nike,,FENG TAY,Jl Raya Banjaran Km 14 6,Bandung,Jawa Barat,40376,Indonesia,S ASIA,14311,12238,64,0
"Nantong Golden Yuelai Gym Equipment Co., Ltd",FINISHED GOODS,Equipment,Nike,,NANTONG GOLDEN, No 76 Xincheng Road,Haimen,Jiangsu,226131,China,N ASIA,171,115,56,0
"Haivina Co., Ltd.",FINISHED GOODS,Equipment,Nike,,HAIVINA,Lang Xuyen village,Hai Duong province,Hi Duong,170000,Vietnam,SE ASIA,2353,2097,97,0
Hoosier Manufacturing - HM4,FINISHED GOODS,Apparel,Nike,Collegiate,INDIANA KNITWEAR,Km 28 and 5 Carretera al Pacifico,Bodegas GC,Guatemala,01063,Guatemala,AMERICAS,854,815,59,1
"FASHION GARMENTS 2 CO., LTD. - TAN PHU BRANCH",FINISHED GOODS,Apparel,Nike,,FASHION GARMENTS,Tan Phu Industrial Zone Tan Phu District,Tan Phu district,Ðng Nai,76800,Vietnam,SE ASIA,3137,2751,91,0
ANNIC II S.A.,FINISHED GOODS,Apparel,Nike,Collegiate,GILDAN,Las Palmeras Industrial Park,Masatepe,Managua,42600,Nicaragua,AMERICAS,7769,7688,52,0
"FASHION GARMENTS 2 CO., LTD",FINISHED GOODS,Apparel,Nike,,HIRDARAMANI,"Lot 4, Road 13A, Bien Hoa Industrial Zone 2, Long Binh Ward",Bien Hoa,Ðng Nai,810000,Vietnam,SE ASIA,1832,1676,93,0
PT. Grand Best Indonesia,FINISHED GOODS,Apparel,Nike,Collegiate,TUNTEX,Jl Coaster No 8 Blok B 18 19 20 21 22,SEMARANG,Jawa Tengah,50174,Indonesia,S ASIA,1591,1458,97,0
"Qingdao Qien Sporting Goods Co.,Ltd",FINISHED GOODS,Equipment,Nike,,QINGDAO QIEN,Number 8 Yanghui Road,Qingdao,Shandong,266232,China,N ASIA,32,21,24,0
"YieChang Industrial Co., Ltd.",FINISHED GOODS,Equipment,Nike,Collegiate,YIECHONG,No 389 Shuiyuan Rd  Fengyuan Dist,Taichung,Taichung,420076,Taiwan,N ASIA,16,12,75,0
PT. Gelindo Garmentama,FINISHED GOODS,Apparel,Nike,,EAGLE NICE,Jalan Cangkuang Kulon No 38,Bandung,Jawa Barat,40239,Indonesia,S ASIA,2109,1872,70,0
"Chuzhou Korrun Future Luggage Products Co., Ltd",FINISHED GOODS,Equipment,Nike,,FORMOSA,1 Building  No 708 Huizhou North Road,Chuzhou,Anhui,239000,China,N ASIA,627,525,80,0
"Pro Kingtex Vietnam Co., Ltd",FINISHED GOODS,Apparel,Nike,Collegiate,EAGLE NICE,D10/89 Q National High Way 1A Tan Tao Ward Binh Tan District,HO CHI MINH CITY,Ho Chi Minh,700000,Vietnam,SE ASIA,2037,1979,89,1
Nan Yang Garment,FINISHED GOODS,Apparel,Nike,Collegiate,NAN YANG,37 Moo 5 Ladyao Banrai Rd,Ladyao Nakhonsawan,Nakhon Sawan,60150,Thailand,SE ASIA,1201,1010,81,0
PT Batang Apparel Indonesia,FINISHED GOODS,Apparel,Nike,,ONTIDE,Nanom Desa Wringin Gintung Kecamatan,Batang,Jawa Tengah,51261,Indonesia,S ASIA,2603,2549,91,0
R. A. INTERTRADING S. A.,FINISHED GOODS,Apparel,Nike,,RA INTERTRADING,JOSE IGNACIO RUCCI 3951,CAPITAL FEDERAL,Buenos Aires,C1439FVQ,Argentina,AMERICAS,810,700,41,60
Fairway Enterprises Company Limited (India Branch) -  Unit 2,FINISHED GOODS,Footwear,Nike,,FENG TAY,Plot No G 1C Unit 2 SIPCOT Industrial Park ,Krishnagiri,Tamil Nadu,635304,India,S ASIA,4138,3360,70,0
TKG TAEKWANG VINA JOINT STOCK COMPANY BRANCH 2,FINISHED GOODS,Footwear,Nike,,TAEKWANG,KCN Agtex Long Binh,Bien Hoa,Ðng Nai,70000,Vietnam,SE ASIA,10593,9714,91,0
PMI Joinease plastic & metal products,FINISHED GOODS,Equipment,Nike,,PMI JOINEASE,Mutoutan Group No 2 Lizhidun Villiage,Hui Zhou,Guangdong,516131,China,N ASIA,1125,910,0,0
Ningbo Shenzhou Knitting Co. Ltd,FINISHED GOODS,Apparel,Nike,Collegiate,SHENZHOU,50 TianMuShan Road,Ningbo,Zhejiang,315800,China,N ASIA,2423,2272,70,0
Southern Apparel Contractors S.A. The Arena,FINISHED GOODS,Apparel,Nike,,TEGRA,ZOLI INHDELVA SPS El Guanal,San Pedro Sula,Cortés,21103,Honduras,AMERICAS,5732,4181,80,0
"JIAXING KANAAN BAG R&D CO.,LTD",FINISHED GOODS,Equipment,Nike,,KANAAN,Industrial Zone Qixing Town Nanhu District,Jiaxiang,Zhejiang,314002,China,N ASIA,110,28,79,0
"AROMA SUCCESS GARMENT CO., LTD",FINISHED GOODS,Apparel,Nike,Collegiate,SABRINA,Taing Kantout Village,Phnom Penh,Kampong Spueu,050107,Cambodia,SE ASIA,1340,1189,90,0
"NB Apparel Co., Ltd",FINISHED GOODS,Apparel,Nike,,NICE APPAREL,183 Moo 8 Udonthani Muangloei Road,Nongbualampu,Nong Bua Lam Phu,39000,Thailand,SE ASIA,1237,1191,75,0
RJ Liebe Athletic Lettering Co.,FINISHED GOODS,Apparel,Nike,,RJ LIEBE ATHLETIC LETTERING,582 Goddard Ave,Chesterfield,Missouri,63005,USA,AMERICAS,22,10,60,0
Redwall,FINISHED GOODS,Apparel,Nike,Collegiate,REDWALL,7655 S 6th St,Oak Creek,Wisconsin,53154,USA,AMERICAS,148,113,55,0
"JiangSu HongBao Sporting Goods Co., Ltd.",FINISHED GOODS,Equipment,Nike,Collegiate,YEGIN,No 3 Building ShangShui Industry,HuaiAn,Jiangsu,223400,China,N ASIA,362,331,89,0
"Jiangsu Asian Sourcing Headwear MFG. CO., Ltd",FINISHED GOODS,Apparel,Nike,Collegiate,ASIAN SOURCING HEADWEAR,No  2 South Guangzhou Road,Huai An,Jiangsu,223005,China,N ASIA,953,864,89,0
Regent Garment Factory Limited - Business location- Regent 2,FINISHED GOODS,Apparel,Nike,,CRYSTAL,"KCN Lai Vu, H.Kim Thanh, T. Hai Duong",Hai Duong,Hai Phong,170000,Vietnam,SE ASIA,1127,936,78,0
MAS KREEDA  Vaanavil ,FINISHED GOODS,Apparel,Nike,Collegiate,MAS HOLDINGS,Plot No 2 Agriculture Faculty Road,Kilinochchi,Kilinochchi,42000,Sri Lanka,S ASIA,1544,1300,76,0
AHP APPARELS PVT.LTD. UNIT 61,FINISHED GOODS,Apparel,Nike,Collegiate,SHAHI,SY NO 34 35 37 A TO 37H,"SHIKARIPURA, SHIVAMOGGA",Karnataka,577427,India,S ASIA,3041,2846,83,0
PT Lucky Textile Semarang Demak,FINISHED GOODS,Apparel,Nike,Collegiate,TUNTEX,Jl Raya Semarang Demak KM 21,Demak,Jawa Tengah,59517,Indonesia,S ASIA,1675,1373,100,0
HUBEI TOP EAGLE GARMENT LTD.,FINISHED GOODS,Apparel,Nike,Collegiate,NICE APPAREL,EAST INDUSTRIAL PARK ECONOMIC DVELOPMENT ZONE,Songzi Hubei,Hubei,434200,China,N ASIA,238,199,94,0
Style Textile (Pvt) Limited (QIE),FINISHED GOODS,Apparel,Nike,Collegiate,STYLE TEXTILE,126 by 3 Industrial Area  Kot Lakhpat,Lahore,Punjab,54770,Pakistan,S ASIA,3034,2504,34,0
LELABPLUS,FINISHED GOODS,Apparel,Nike,,LELAB,26 rue Robert Witchitz,Ivry sur Seine,Île-de-France,94200,France,EMEA,14,10,60,100
"DONGGUAN JINGSHENG GARMENTS CO.,LTD",FINISHED GOODS,Apparel,Nike,,CRYSTAL,Building 3 No 6 Wanfeng Road,Dongguan,Guangdong,523570,China,N ASIA,262,258,60,0
SP Apparel Inc.,FINISHED GOODS,Apparel,Nike,,SP APPAREL,6935 rue Picard,St-Hyacinthe,Quebec,J2S 1H3,Canada,AMERICAS,255,200,70,5
ADORA FOOTWEAR LIMITED,FINISHED GOODS,Footwear,Converse,,HUALI,TAM DIEP INDUSTRY ZONE,Ninh Binh Province,Ninh Bình,430000,Vietnam,SE ASIA,7287,6196,89,0
League Optical(Zhongshan) Workshop Limited,FINISHED GOODS,Equipment,Nike,,ARTS OPTICAL,Yaguan building 3,Zhongshan,Guangdong,528463,China,N ASIA,61,57,49,0
"Nanjing Guotai Shengyang Garment Co.,Ltd.",FINISHED GOODS,Apparel,Converse,,NANJING GUOTAI SHENGYANG,No 186 Bianzhong East Road Chengqiao Street Luhe District ,Nanjing,Jiangsu,211504,China,N ASIA,29,29,100,0
"Oregon Screen Impressions, Inc.",FINISHED GOODS,Apparel,Nike,,OREGON SCREEN IMPRESSIONS,3580 NE Broadway,Portland,Oregon,97232,USA,AMERICAS,92,69,61,0
"SHENZHEN PENGYIFA INDUSTRIAL CO, LTD",FINISHED GOODS,Apparel,Nike,,SHENZHEN PENGYIFA,2ND FLOOR BUILDING A,SHENZHEN GUANGMING DISTRICT,Guangdong,518107,China,N ASIA,45,28,68,0
"ZheJiang Clis Fashion Co., Ltd.",FINISHED GOODS,Apparel,Nike,,ZHEJIANG XIANCHEN IMPORT AND EXPORT,No 10 Bldg No 39 Xiangyuan Road,Hangzhou,Zhejiang,310012,China,N ASIA,42,27,93,0
TNG Investment and Trading JSC - Dai Tu Garment Branch,FINISHED GOODS,Apparel,Nike,,TNG,Tien Hoi Commune Dai Tu District Thai Nguyen Province,Thai Nguyen,Thái Nguyên,240000,Vietnam,SE ASIA,1993,1829,79,0
"Zao Zhuang RuiXing Shoes Co., Ltd",FINISHED GOODS,Footwear,Nike,,CHANGSHIN,No3 FuXing East Road Economic Development Zone,Zaozhuang City,Shandong,277300,China,N ASIA,1297,1207,99,0
"HI-TECH APPAREL CO.,LTD. (SUPANBURI BRANCH)",FINISHED GOODS,Apparel,Nike,Collegiate,HI TECH,295 MOO 1 TAMBOL DONKAMYAN,Suphanburi,Suphan Buri,72000,Thailand,SE ASIA,416,394,80,18
Sarasavi Exports (Pvt) Ltd,FINISHED GOODS,Equipment,Nike,,SARASAVI,No 375 A  High Level Road  Makumbura  Pannipitiya,Makumbura,Colombo,10200,Sri Lanka,S ASIA,456,349,80,0
Blue Ridge Designs LLC,FINISHED GOODS,Apparel,Nike,,BLUE RIDGE DESIGNS,358 INDUSTRIAL PARK DRIVE,HILLSVILLE,Virginia,24343,USA,AMERICAS,70,64,53,25
"Brandix Apparel Solutions (Pvt) Limited – Essentials, Batticaloa",FINISHED GOODS,Apparel,Nike,,BRANDIX ASIA HOLDINGS,449 New Kalmunai Road Aryampathy Batticaloa,Batticaloa,Batticaloa,30000,Sri Lanka,S ASIA,3245,2967,93,0
FOOTMARK CAMBODIA CORPORATION,FINISHED GOODS,Apparel,Nike,,FOOTMARK,Sangkat Kantouk  Khan Posencey,Phnom Penh,Kandaal,12101,Cambodia,SE ASIA,124,109,82,0
WEILINA VIET NAM FOOTWEAR COMPANY LIMITED,FINISHED GOODS,Footwear,Converse,,HUALI,"Vuc Phac Village, Yen Dinh Commune",YEN DINH,Thanh Hóa,41011,Vietnam,SE ASIA,814,691,77,0
SEYANG CORPORATION VIETNAM,FINISHED GOODS,Apparel,Nike,,SEYANG,"PLOT NO. 54, NHAT TAN INDUSTRIAL COMPLEX, NHAT TAN COMMUNE,",KIMBANG DISTRICT,Hà Nam,400000,Vietnam,SE ASIA,320,280,89,0
Fanatics Licensed Sports Group,FINISHED GOODS,Apparel,Nike,,FANATICS,2320 Newlins Mill Rd,Easton,Pennsylvania,18045,USA,AMERICAS,523,425,73,0
"All Wells International Co., Ltd.",FINISHED GOODS,Footwear,Nike,,SPORTS GEAR,Road 81 Chau Pha Commune Ho Chi Minh City,Ho Chi Minh,Ho Chi Minh,78712,Vietnam,SE ASIA,3030,2338,80,0
Germton Industrial Company Ltd.,FINISHED GOODS,Apparel,Nike,,GERMTON,Dong Que Son IP Huong An  Que Son  Quang Nam Province,Huong An Town,Qung Nam,560000,Vietnam,SE ASIA,2703,2150,82,0
Fashion Garments Company Limited,FINISHED GOODS,Apparel,Nike,,FASHION GARMENTS,Tam Thang Industrial Zone,TAMKY,Qung Nam,51100,Vietnam,SE ASIA,2185,1907,84,0
"HI TECH APPAREL CO LTD, BRANCH 70",FINISHED GOODS,Apparel,Nike,,HI TECH,5 18 Soi suksawat,Bangkru,Samut Prakan,10130,Thailand,SE ASIA,1009,952,62,89
HUNG LONG GARMENT AND SERVICE JOINT STOCK COMPANY,FINISHED GOODS,Apparel,Nike,,HUNG LONG GARMENT,NGUYEN VAN LINH STREET,MY HAO,Hung Yên,17000,Vietnam,SE ASIA,1850,1600,70,0
"Nantong Nafung Gym Equipment Co.,Ltd",FINISHED GOODS,Equipment,Nike,,NANTONG NAFUNG,Group 2 Tongshan Village Yuelai Town Haimen District,Nantong,Jiangsu,226131,China,N ASIA,155,117,51,0
Viet Duc Garment Branch - TNG Investment and Trading JSC,FINISHED GOODS,Apparel,Nike,,TNG,Son Cam 1 Industrial Cluster Quan Trieu Ward,Thai Nguyen City,Thái Nguyên,24000,Vietnam,SE ASIA,1272,1240,78,0
"Yegin Industry (Vietnam) Co., Ltd",FINISHED GOODS,Equipment,Nike,,YEGIN,Lot No 36A 37A,Tan Phuoc District,Tin Giang,863900,Vietnam,SE ASIA,800,688,64,0
"Brandix Apparel India Pvt Ltd, Unit-2",FINISHED GOODS,Apparel,Nike,,BRANDIX ASIA HOLDINGS,Plot no 07 Adhistan SEZ,Visakhapatnam,Andhra Pradesh,531011,India,S ASIA,3980,3700,100,0
Tai Wah Garments Industry Sdn Bhd Kulai Jaya,FINISHED GOODS,Apparel,Nike,Collegiate,RAMATEX,G 15 2 Jalan Tan Yoke Fong,Johor Darul Takzim,Johor,81000,Malaysia,S ASIA,1189,1135,31,92
Vietnam Pou Sung Co. Ltd.,FINISHED GOODS,Footwear,Nike,,POU CHEN,Bau Xeo Industrial Zone Hill Village 61,TRANG BOM,Ðng Nai,76318,Vietnam,SE ASIA,15375,11985,88,0
DASS ELDORADO SRL,FINISHED GOODS,Footwear,Nike,,DASS,ALBERTO BEJAR BARRIOS 407,ELDORADO,Misiones,3380,Argentina,AMERICAS,455,345,10,2
PT KMK Global Sports / K1,FINISHED GOODS,Footwear,Nike,,KMK,Cikupa Mas Industrial Estate and Warehouse,Tangerang,Banten,15710,Indonesia,S ASIA,9499,7685,85,0
"Kunshan Sabrina Clothes-Making  Co., Ltd.",FINISHED GOODS,Apparel,Nike,Collegiate,SABRINA,No 31 East Kongxiang  Road,Kunshan,Jiangsu,215331,China,N ASIA,817,721,94,0
Celeritas Manufacturing S.A. de C.V.,FINISHED GOODS,Apparel,Nike,,CELERITAS MANUFACTURING S.A. DE C.V.,BOULEVARD DEL EJERCITO NACIONAL KILOMETRO 7 ,SOYAPANGO,San Salvador,11101,El Salvador,AMERICAS,1579,1548,78,0
HONSIN APPAREL SDN. BHD.,FINISHED GOODS,Apparel,Nike,,HONSIN,531 BATU 2 1 2,BATU PAHAT,Johor,83000,Malaysia,S ASIA,902,837,40,81
MAS KREEDA Balangoda ,FINISHED GOODS,Apparel,Nike,,MAS HOLDINGS,Weligepola Road,Balangoda,Ratnapura,70100,Sri Lanka,S ASIA,1464,1280,82,0
Dewhirst Cambodia,FINISHED GOODS,Apparel,Nike,,CASTLECRAFTS,Tuorl Pongror Village,Phnom Penh,Kandaal,12101,Cambodia,SE ASIA,2941,2715,70,1
Jade Textile Cairo,FINISHED GOODS,Apparel,Nike,,YESIM,A 6 Zone 103 and 104,10th of Ramadan,Ash Sharqiyah,12451,Egypt,EMEA,3925,3030,24,11
"Zhuji Hengtai Knitting & Textile Co., Ltd.",FINISHED GOODS,Apparel,Nike,,DELTA,No 10 Tianyuan West Road,Zhuji,Zhejiang,311812,China,N ASIA,197,164,56,0
EAGLE NICE JINGMEN GARMENTS CO LTD,FINISHED GOODS,Apparel,Nike,,EAGLE NICE,N0 3 of Fenghuang Road,Jingmen,Hubei,43100,China,N ASIA,680,522,84,0
PT SELALU CINTA INDONESIA,FINISHED GOODS,Footwear,Converse,,KMK,JL LINGKAR SELATAN SALATIGA DUSUN TETEP,SALATIGA,Jawa Tengah,50735,Indonesia,S ASIA,18096,16883,87,0
W.S. Calcados Ltda.,FINISHED GOODS,Footwear,Converse,,W.S CALCADOS,Rua Vicente Prieto 8121,Nova Petropolis,Rio Grande do Sul,95150-000,Brazil,AMERICAS,63,58,84,0
"E-Top (Vietnam) Co.,Ltd",FINISHED GOODS,Apparel,Nike,Collegiate,ECLAT,Lot IX1 IX2 IX3 IX4,Ba Ria-Vung Tau,Bà Ra - Vung Tàu,790000,Vietnam,SE ASIA,2876,2712,97,0
Delta Alfa Corap Ve Tekstil Sanayi Tic Ltd Sti,FINISHED GOODS,Equipment,Nike,Collegiate,DELTA EQ GROUP,Taskopru Mahallesi 16044,Duzce,Düzce,81750,Turkey,EMEA,766,478,68,0
Zhuji Hengan Socks Co Ltd,FINISHED GOODS,Apparel,Nike,,HENGTAI,No 8 Tianyuan West Road Datang Street,zhuji,Zhejiang,311800,China,N ASIA,122,102,53,0
"FREETREND INDUSTRIAL (VIETNAM) CO., LTD",FINISHED GOODS,Footwear,Nike,,DEAN SHOES,Saigon Linh Trung 1,Thu Duc,Ho Chi Minh,71314,Vietnam,SE ASIA,10026,8526,68,0
Hi-Tech Apparel Co. Ltd.,FINISHED GOODS,Apparel,Nike,Collegiate,HI TECH,328 Prachauthit Rd  Thoongkru,Bangkok,Bangkok,10140,Thailand,SE ASIA,1316,828,80,52
"B & D Lingerie Viet Nam Co., Ltd",FINISHED GOODS,Apparel,Nike,,DELTA,Lot A402 N3 Road Nhon Hoi IZ Zone A ,QUY NHON CITY,Bình Ðnh,55100,Vietnam,SE ASIA,2903,2487,86,0
"Qingdao Licheng Health Technology Co., Ltd.",FINISHED GOODS,Equipment,Nike,,QINGDAO LICHENG,No 60 Huashuo Road LanGu High tech Industrial Development,Qingdao,Shandong,266200,China,N ASIA,42,32,28,0
NINGBO SHENZHOU KNITTING CO. LTD. (PRINTING MILL & MC),FINISHED GOODS,Apparel,Nike,Collegiate,SHENZHOU,NO 636 Fuchunjiang Road,Ningbo,Zhejiang,315800,China,N ASIA,639,593,44,0
"Robinson Manufacturing Company, Dayton",FINISHED GOODS,Apparel,Nike,Collegiate,ROBINSON,1184 Broadway,Dayton,Tennessee,37321,USA,AMERICAS,52,47,72,0
Dah Jeng Embroidery,FINISHED GOODS,Apparel,Nike,,EMBLEM SOURCE,No 68 Jiuqiong Street Luzhou District,New Taipei City,New Taipei,24750,Taiwan,N ASIA,85,51,98,49
Tower Garments (London) Ltd,FINISHED GOODS,Apparel,Nike,,TOWER GARMENTS,Unit J 17 Queensway Enfield,ENFIELD,London-- City of,EN3 4SA,United Kingdom,EMEA,90,90,60,0
RIETVELD SERIGRAFIE BV,FINISHED GOODS,Apparel,Nike,,RIETVELD,INDUSTRIEWEG 50  2382 NW,Zoeterwoude Rijndijk,Zuid-Holland,2382NW,Netherlands,EMEA,31,23,48,61
ChangShin Inc.,FINISHED GOODS,Footwear,Nike,,CHANGSHIN,"242, Jangpyeong-ro, Saha-gu, Busan, Korea",Busan,Busan Gwangyeogsi,604-030,South Korea,N ASIA,1055,353,46,0
"Yantai NE Apparel CO.,LTD",FINISHED GOODS,Apparel,Nike,Collegiate,NICE APPAREL,No 26 Haiyang Yantai Economic Development Zone,Yantai,Shandong,265100,China,N ASIA,781,626,96,0
Beijing Our Clothing and Apparel Ltd,FINISHED GOODS,Apparel,Nike,,BEIJING CLOTHING,Room 103 Building 4  No 9 Shuangqiao Road,BeiJing,Beijing,100024,China,N ASIA,4,3,0,0
Jay Jay Mills Lanka (Pvt) Ltd - Expansion Unit T01,FINISHED GOODS,Apparel,Nike,,JAY JAY MILLS,Lot 1 2 3 4 5 and 23,Trincomalee,Trincomalee,31000,Sri Lanka,S ASIA,802,759,79,0
Evergreen Apparel Mfg.,FINISHED GOODS,Apparel,Nike,,YY & ASSOCIATES,845 NE Century Blvd,Hillsboro,Oregon,97127,USA,AMERICAS,21,16,63,0
SFO Apparel Inc. (Sewing & Cutting),FINISHED GOODS,Apparel,Nike,,SFO APPAREL,41 Park Place,Brisbane,California,94005,USA,AMERICAS,57,48,96,0
WILL DER,FINISHED GOODS,Apparel,Converse,,DER WILL,Jose Ingenieros 2387,Ricardo Rojas,Buenos Aires,1610,Argentina,AMERICAS,105,79,82,0
Huaian Yuantong Headwear Mfg Co Ltd,FINISHED GOODS,Apparel,Nike,,ASIAN SOURCING HEADWEAR,NO 30 YAN HUANG AVENUE,HUAI AN,Jiangsu,223400,China,N ASIA,655,524,80,0
BODYLINE PVT LIMITED,FINISHED GOODS,Apparel,Nike,Collegiate,MAS HOLDINGS,RATNAPURA ROAD,HORANA,Kalutara,12400,Sri Lanka,S ASIA,5552,4782,83,0
BUSINESS LOCATION IN VUNG LIEM - TY XUAN COMPANY LIMITED,FINISHED GOODS,Footwear,Converse,,LAI YIH,Group 7  An Dien 1 Hamlet,Vinh Long,Vinh Long,85000,Vietnam,SE ASIA,2123,1984,83,0
Milteks Tekstil Sanayi ve Ticaret A S,FINISHED GOODS,Apparel,Nike,,MILTEKS,Bakir ve Pirinc Sanayicileri Sitesi,Istanbul,Istanbul,34520,Turkey,EMEA,177,78,31,0
SUPER KNITTING CAMBODIA,FINISHED GOODS,Apparel,Nike,,SUPER KNITTING,Haknuman Vilage Krang Thnong Commune Bati District,Takeo,Taakaev,210807,Cambodia,SE ASIA,1274,1224,57,1
FITA TEKSTIL KONF.LTD.STI,FINISHED GOODS,Apparel,Nike,,YESIM,PANAYIR MAH  6 SELVILI SK,Bursa,Bursa,16100,Turkey,EMEA,344,320,91,0
PT. CHING LUH INDONESIA,FINISHED GOODS,Footwear,Nike,,CHING LUH,JL. Raya Serang Km.16,Cikupa,Jawa Barat,15710,Indonesia,S ASIA,8492,7689,76,0
"DONG SHIN VINA CO.,LTD",FINISHED GOODS,Footwear,Nike,Collegiate,DONG SHIN GLOBAL MARKETING TECHNOLOGY,Lot 6 Str 3 Giang Dien Industrial Zone Trang Bom Dong Nai,Trang Bom,Ðng Nai,76317,Vietnam,SE ASIA,105,44,64,0
"G&G Outfitters, Inc.",FINISHED GOODS,Apparel,Nike,Collegiate,G AND G OUTFITTERS,4901 Forbes Blvd,Lanham,Maryland,20706,USA,AMERICAS,324,231,67,0
"Xiamen Expanding Industrial Co., Ltd",FINISHED GOODS,Apparel,Nike,,HADDAD,"NO.21 siming park,industrial zone,Tong an Distric",xiamen,Fujian,361000,China,N ASIA,78,70,63,0
"Zhijie Footwear Technical Service (Zhongshan) CO.,Ltd",FINISHED GOODS,Footwear,Converse,,HUALI,1 F 2 and 2 5 F of Building B and 1 F of Building D,Zhongshan,Guangdong,528451,China,N ASIA,455,160,81,0
Phu Hung Joint Stock Company,FINISHED GOODS,Apparel,Converse,,PHU HUNG,Dinh Cao Village Tien Tien Commune Hung Yen Province,Hung Yen,Hung Yên,17000,Vietnam,SE ASIA,490,410,74,0
"VINH LONG FOOTWEAR CO., LTD.",FINISHED GOODS,Footwear,Converse,,LAI YIH,Hoa Phu Industrial Zone,VINH LONG,Vinh Long,890000,Vietnam,SE ASIA,9150,7407,70,0
"SI HAN MANUFACTURING CO.,LTD.",FINISHED GOODS,Apparel,Nike,,SI HAN,No 9 east lincun third road ,Dongguan,Guangdong,523710,China,N ASIA,48,25,80,0
Brandix Apparel Solutions (PVT) LTD,FINISHED GOODS,Apparel,Nike,,BRANDIX SOLUTIONS,Bandarawatte,Rambukkana,Kegalla,71100,Sri Lanka,S ASIA,3032,2210,60,0
CONG TIEN GARMENT JOINT STOCK COMPANY,FINISHED GOODS,Apparel,Nike,,SOUTH ISLAND,27 Mac Van Thanh Street,Long Thuan Ward,Ðng Tháp,084,Vietnam,SE ASIA,1184,1015,77,0
"KITAI CO., LTD",FINISHED GOODS,Apparel,Nike,,KITAI,32 taka,kashiba,Nara,639-0241,Japan,N ASIA,74,64,80,2
PT.WONEEL MIDAS LEATHERS,FINISHED GOODS,Equipment,Nike,,PT. WONEEL MIDAS LEATHERS,Bangunsari Rt04 Rw03 Candirejo Semin,Gunungkidul,Yogyakarta,55854,Indonesia,S ASIA,1685,1544,77,0
"Fashion Garments 2 Co., Ltd - Xuan Tay",FINISHED GOODS,Apparel,Nike,,HIRDARAMANI,"Hamlet 1, Xuan Tay Commune, Cam My District, Dong Nai Pro",Cam My District,Ðng Nai,810000,Vietnam,SE ASIA,686,598,99,0
"Vung Tau Orient Co., Ltd - unit 02",FINISHED GOODS,Equipment,Nike,Collegiate,FENG TAY AC,Chau Duc Industrial Zone,Chau Duc District,Bà Ra - Vung Tàu,79000,Vietnam,SE ASIA,2640,2556,75,0
NICE APPAREL COMPANY LIMITED,FINISHED GOODS,Apparel,Nike,Collegiate,NICE APPAREL,369 Moo 4 Manjakiri Road Muang Khonkaen,Khonkaen,Khon Kaen,40000,Thailand,SE ASIA,1253,890,59,0
PT Chang Shin Indonesia,FINISHED GOODS,Footwear,Nike,,CHANGSHIN,Jl Ir H Juanda No 008,Karawang,Jawa Barat,41374,Indonesia,S ASIA,2340,2247,77,0
Branch of Thuan Phuong Embroideries Garments Company Limited - Thuan Phuong Long An Factory,FINISHED GOODS,Apparel,Nike,,THUAN PHUONG,Hamlet 3 Long Cang Commune Can Duoc Dist Long An Province,Can Duoc,Long An,850000,Vietnam,SE ASIA,2440,1963,66,0
"JIANGSU NINGSHENG GARMENT CO.,LTD   ",FINISHED GOODS,Apparel,Nike,,JIANGSU NINGSHENG GARMENT,No87 Renmin South Road Zhutang Town,WUXI,Jiangsu,214415,China,N ASIA,73,69,71,0
"Worldon Vietnam Co., Ltd.",FINISHED GOODS,Apparel,Nike,Collegiate,SHENZHOU,Hoa Phu Commune Cu Chi District,Ho Chi Minh,Ho Chi Minh,70000,Vietnam,SE ASIA,7951,6905,78,0
"HUIZHOU YANGMING INDUSTRIAL CO., LTD.",FINISHED GOODS,Apparel,Converse,,PT MAP,1 Xiaozhongtang 1st Road,HuiZhou,Guangdong,516001,China,N ASIA,58,38,100,0
Shanghai Shengaoyu Costume Ltd.,FINISHED GOODS,Apparel,Nike,,SHANGHAI SHENGAOYU,Room 206,Shanghai,Shanghai,201906,China,N ASIA,9,4,0,0
Jade textile Ismailia S.A.E,FINISHED GOODS,Apparel,Nike,,YESIM,200 acres El Mostakbel Are Ismailia public Free Zone,Ismailia,AI Isma iliyah,41622,Egypt,EMEA,4797,3336,38,4
"Thuan Phuong Embroideries Garments Co., Ltd.",FINISHED GOODS,Apparel,Nike,,THUAN PHUONG,275 Nguyen Van Luong St Dist 6 HCMC,Ho Chi Minh City,Ho Chi Minh,700000,Vietnam,SE ASIA,1263,978,75,0
Eren Perakende ve Tekstil AS (Corlu),FINISHED GOODS,Apparel,Converse,,EREN PERAKENDE,Ulas OSB Mah,Ergene,Tekirdag,59930,Turkey,EMEA,65,60,83,0
PT Dayup Indo,FINISHED GOODS,Equipment,Nike,Collegiate,DAYUP,NUSANTARA BONDED ZONE KBN MADURA STREET 6 BLOCK D13A,JAKARTA,Jakarta Raya,14140,Indonesia,S ASIA,1446,1343,94,0
Marchon Italia Srl a SU,FINISHED GOODS,Equipment,Nike,,MARCHON,V.le Alpago 151,Alpago,Belluno,32016,Italy,EMEA,247,90,62,0
"Hi-Tech Apparel Cambodia Co., Ltd.",FINISHED GOODS,Apparel,Nike,,HI TECH,A35 36 Poipet ONeang Special EcoZone,Poipet,Banteay Mean Chey,010902,Cambodia,SE ASIA,2784,2678,69,0
NV Apparel Company Limited,FINISHED GOODS,Apparel,Nike,Collegiate,NICE APPAREL,Lot C1 Binh Hoa Industrial Zone Chau Thanh An Giang,An Giang,An Giang,880000,Vietnam,SE ASIA,2008,1627,79,2
UN-AVAILABLE CO. LTD,FINISHED GOODS,Apparel,Nike,,UN AVAILABLE,Part of Lot I bar 3 St No 7,Ho Chi Minh,Ho Chi Minh,71914,Vietnam,SE ASIA,641,454,67,2
VEGA BALLS MANUFACTURING,FINISHED GOODS,Equipment,Nike,Collegiate,VEGA BALL,653 Mu4 Soi E6 Phatthana 1Road,Mueang Samut Prakan District,Samut Prakan,10280,Thailand,SE ASIA,268,252,81,0
MAPLE COMPANY LIMITED,FINISHED GOODS,Apparel,Nike,,RAMATEX,No 120 Road No 14,Hai Phong City,Hai Phong,04000,Vietnam,SE ASIA,3116,2749,66,0
"Hoosier Manufacturing, Compania Limitada",FINISHED GOODS,Apparel,Nike,Collegiate,INDIANA KNITWEAR,18 Avenida 37-39 Zona 12,Guatemala,Guatemala,01000,Guatemala,AMERICAS,474,453,68,0
ShangGao Yisen Industry Co. Ltd.,FINISHED GOODS,Footwear,Nike,,POU CHEN,Youzidong Jingjiang Town ShangGao County YiChun City,YiChun,Jiangxi,336400,China,N ASIA,6529,5182,87,0
"Yumei Shantou Garments Co., Ltd",FINISHED GOODS,Apparel,Nike,,EAGLE NICE,No 48 Heng Shan Rd,Shantou,Guangdong,515000,China,N ASIA,2422,1944,80,0
"LUCKYTEX SOC TRANG VIETNAM CO., LTD",FINISHED GOODS,Apparel,Nike,Collegiate,TUNTEX,Lot H An Nghiep Industrial Zone An Ninh Commune,Can Tho,Sóc Trang,940000,Vietnam,SE ASIA,1121,826,81,0
"Zhangjiagang New HuaYuan Accessones Co., Ltd",FINISHED GOODS,Apparel,Nike,,HUAYUAN ACCESSORIES,No 1 Henan Road,Zhangjiagang,Jiangsu,215600,China,N ASIA,97,86,91,0
Style Raiwind,FINISHED GOODS,Apparel,Nike,Collegiate,STYLE TEXTILE,8 Km Off Manga Raiwind Road,Kasur,Punjab,55150,Pakistan,S ASIA,20091,18417,36,0
Pine Tree Company for Textile Manufacturing PSC,FINISHED GOODS,Apparel,Nike,,RAMATEX,AL MUWAQQAR INDUSTRIAL ESTATE,AMMAN,Amman,110109,Jordan,EMEA,1737,1536,70,74
"ACE Accessories Co., Ltd.",FINISHED GOODS,Equipment,Nike,,ACE ACCESSORIES,3F Nr 190 Gongye 9th Rd Dali Dist,TAICHUNG,Taichung,412037,Taiwan,N ASIA,74,50,74,0
SELF MAGLIERIA SRL,FINISHED GOODS,Apparel,Nike,,SELF MAGLIERIA,VIA RISORGIMENTO 48,Vertemate con Minoprio,Como,22070,Italy,EMEA,32,28,89,0
Shao Yang County SteIIa Footwear LTD ,FINISHED GOODS,Footwear,Nike,Collegiate,STELLA,Inside the industrial park of Shao Yang County,Shaoyang,Hunan,422100,China,N ASIA,1118,1035,98,0
"Zhangpu Hengxin Bags Co., Ltd",FINISHED GOODS,Apparel,Nike,,ZHANGPU HENGXIN,NO 87 Changfa Road Changqiao Town Zhangpu,Zhangzhou,Fujian,363200,China,N ASIA,193,172,92,0
"Fujian San Feng Footwear Co.,Ltd",FINISHED GOODS,Footwear,Nike,,FENG TAY,"No. 399, ChengMen Street, ChengMen Town, CangShan Districts",Fuzhou,Fujian,350018,China,N ASIA,3558,2890,82,0
"Brandix Apparel Solutions (Pvt) Limited – Essentials, Koggala",FINISHED GOODS,Apparel,Nike,,BRANDIX ASIA HOLDINGS,"No 27, Export processing zone",Koggala,Galle,80630,Sri Lanka,S ASIA,1014,934,86,0
"Song Hong Garment JSC - Nghia Hung Branch: Factory 15,16,17,18",FINISHED GOODS,Apparel,Nike,,SONG HONG,Industrial Cluster in Nghia Thai Commune,Nam Dinh/ Nam Dinh,Nam Ðnh,420000,Vietnam,SE ASIA,1915,1770,81,0
Maxturn Apparel Company Limited,FINISHED GOODS,Apparel,Nike,,MAXTURN APPAREL,Unit G1 B Que Vo Industrial Zone,Bac Ninh,Bc Ninh,16000,Vietnam,SE ASIA,1146,1089,94,2
United Creation Optical (Cambodia) Co. Ltd.,FINISHED GOODS,Equipment,Nike,,UNITED CREATION,Block K Block Q National Road No 41,Somoroung Tong,Kampong Spueu,050109,Cambodia,SE ASIA,329,295,55,14
ANHUI COSMO SPORTING GOODS COMPANY LIMITED,FINISHED GOODS,Equipment,Nike,,ANHUI COSMO,"Economic Development Zone, Jinzhai County",Lu an,Anhui,237321,China,N ASIA,366,330,95,0
"Dongguan Ye Ji Industrial Co., Ltd.",FINISHED GOODS,Apparel,Nike,,CRYSTAL,ROOM 101 No3 BUILDING No112 CHANGHUANG ROAD,DONGGUAN CITY,Guangdong,523570,China,N ASIA,909,796,65,0
"TMVN MANUFACTURING CO.,LTD.",FINISHED GOODS,Apparel,Nike,,TP INC,Bac Giao Cu Trung Hamlet Dong Son Commune Nam Truc District,Nam Dinh,Nam Ðnh,07000,Vietnam,SE ASIA,2675,2449,87,0
"NAN YANG GARMENT CO., LTD.",FINISHED GOODS,Apparel,Nike,Collegiate,NAN YANG,27 Phetkasem Rd,Nongkham,Bangkok,10160,Thailand,SE ASIA,1255,1016,69,81
Maxpro Sports Manufacturing Inc.,FINISHED GOODS,Equipment,Nike,,MAXPRO,Phil Bright Corp Lot 1 Block 8 Hermosa Ecozone Industrial ,Bataan,Bataan,2111,Philippines,N ASIA,167,134,44,0
Hoosier Manufacturing,FINISHED GOODS,Apparel,Nike,Collegiate,INDIANA KNITWEAR, Km 1.3 Carretera a Barcenas Villa Nueva Guatemala,Villa Nueva,Guatemala,01064,Guatemala,AMERICAS,3422,3091,64,0
"United Creation Optical Technology Co., Ltd",FINISHED GOODS,Equipment,Nike,,UNITED CREATION,D2 2 Mingde Road Glasses Industrial Park Yujiang District,Yingtan,Jiangxi,335200,China,N ASIA,387,224,56,0
Business Location of MDK Embroideries Garments Company Limited - Binh Chanh Factory,FINISHED GOODS,Apparel,Nike,,THUAN PHUONG,191 Dinh Duc Thien Street,Binh Chanh District,Ho Chi Minh,700000,Vietnam,SE ASIA,742,697,82,0
MILTEKS TEXTILE EGYPT,FINISHED GOODS,Apparel,Nike,,MILTEKS,6th of October Industrial zone 1 B42 no196,Cairo,AI Jizah,12451,Egypt,EMEA,695,608,60,0
Dong Guan New Prosperity Optical Mfy Ltd. Chang An Branch,FINISHED GOODS,Equipment,Nike,,SUN HING OPTICAL,No 43 XinFeng Road XinMin District ChangAn Town,Dongguan,Guangdong,523879,China,N ASIA,81,70,71,0
"Wenzhou Outlook Eyewear Co., Ltd",FINISHED GOODS,Equipment,Nike,,WENZHOU OUTLOOK,Number 12  Shengye Rd  Lucheng District,Wenzhou,Zhejiang,325019,China,N ASIA,29,22,45,0
"CHUAN CHENG HAT CO., LTD.",FINISHED GOODS,Apparel,Nike,,CHUAN CHENG,No 56 Chung Shan Road,TAICHUNG,Taichung,428,Taiwan,N ASIA,121,102,84,19
Ajara Textile Ltd (Bobokvati),FINISHED GOODS,Apparel,Nike,,MILTEKS,Bobokvati Street 14 Bobokvati Village,Kobuleti,Ajaria,6200,Georgia,EMEA,1507,1382,97,0
Skyrina.SA de C.V,FINISHED GOODS,Apparel,Nike,,SABRINA,Federal Highway 129,Tlatlauquitepec,Puebla,73907,Mexico,AMERICAS,350,300,90,0
LEADING STAR THANH HOA GARMENT COMPANY LIMITED,FINISHED GOODS,Apparel,Nike,,LEADING STAR, Lot CN 04 South Zone A Bim Son Industrial park Bac Son Ward,Bim Son,Thanh Hóa,44000,Vietnam,SE ASIA,1223,992,88,0
"H&L APPAREL(VIETNAM) CO.,LTD",FINISHED GOODS,Apparel,Nike,,H&L,Lot D 11 CN My Phuoc 2 IP My Phuoc Ward,Ben Cat District,Bình Duong,590000,Vietnam,SE ASIA,1050,1000,95,0
PT Rodeo Prima Jaya,FINISHED GOODS,Apparel,Nike,,PRIMA,Jl Raya Kaligawe Km 7 Semarang,Semarang,Jawa Tengah,50117,Indonesia,S ASIA,590,550,91,0
Eren Perakende ve Tekstil AS (Misinli),FINISHED GOODS,Apparel,Converse,,EREN PERAKENDE,Vakiflar OSB Mahallesi D100 Caddesi,Tekirdag,Tekirdag,59930,Turkey,EMEA,105,89,43,0
Hirdaramani Fashions (Pvt) Ltd - Vavuniya,FINISHED GOODS,Apparel,Nike,,HIRDARAMANI FASHIONS (PVT) LTD VAVUNIYA,No 400,Vavuniya,Vavuniya,43000,Sri Lanka,S ASIA,1087,938,81,0
"NINGBO MITSUBANA APPERAL CO., LTD",FINISHED GOODS,Apparel,Nike,,NINGBO MITSUBANA,NO 1338 YUFAN ROAD E ZHENHAI,NINGBO,Zhejiang,315207,China,N ASIA,86,79,84,0
Far Eastern Apparal Suzhou Ltd. Co,FINISHED GOODS,Apparel,Nike,Collegiate,FAR EASTERN,88 Tianling Rd,Suzhou,Jiangsu,215128,China,N ASIA,714,462,90,0
OUTLOOK INTERNATIONAL GROUP (VIETNAM) COMPANY LIMITED,FINISHED GOODS,Equipment,Nike,,WENZHOU OUTLOOK, Factory Unit 3  Block 2A Phase 1,Pho Yen,Thái Nguyên,24722,Vietnam,SE ASIA,157,142,54,11
"Qingdao Changshin Shoes Co., Ltd.",FINISHED GOODS,Footwear,Nike,,CHANGSHIN,Matiquan Road 6,QingDao,Shandong,266300,China,N ASIA,2311,1906,89,0
"MANUFACTURE OF ARTISTIC BELT & ACCESSORIES CO., LTD.",FINISHED GOODS,Equipment,Nike,,ARTISTIC BELT AND ACCESSORIES,"Factory 7, DE1B & DE1 St., My Phuoc 3 Industrial Park,",Ben Cat Town,Bình Duong,82575,Vietnam,SE ASIA,58,50,72,6
"Regina Miracle International Vietnam Co., Ltd",FINISHED GOODS,Apparel,Nike,Collegiate,REGINA MIRACLE,No 9 East  West Street VSIP Hai Phong ,Hai Phong,Hai Phong,18000,Vietnam,SE ASIA,2281,2215,71,0
PT Adis Dimension Footwear,FINISHED GOODS,Footwear,Nike,Collegiate,SHOETOWN,Jl. Raya Serang Km. 24,Tangerang,Banten,15610,Indonesia,S ASIA,8315,8041,57,0
"Gifted Hosiery (Cambodia) Co., Ltd.",FINISHED GOODS,Equipment,Nike,,ZHEJIANG WALT,Land Number A 02 01 Building 1 2 3 4 ,Kampong Soam,Krong Preah Sihanouk,180103,Cambodia,SE ASIA,511,488,54,9
Song Lin Garment Sdn Bhd,FINISHED GOODS,Apparel,Nike,,RAMATEX,Lot 2552,Batu Pahat,Johor,83000,Malaysia,S ASIA,853,814,59,92
"ECLAT TEXTILE CO., LTD. (VIETNAM)",FINISHED GOODS,Apparel,Nike,Collegiate,ECLAT,5A RD NHON TRACH 2 INDUSTRIAL ZONE NHON TRACH DIST,Nhon Trach,Ðng Nai,810000,Vietnam,SE ASIA,5047,4528,78,0
Delta Galil Industries LTD Egypt,FINISHED GOODS,Apparel,Nike,,DELTA EQ GROUP,Delta Textile Shamal El Saeed,El-Minya,AI Minya,61784,Egypt,EMEA,2733,2630,85,0
"Acode Sporting Goods Co., Ltd.",FINISHED GOODS,Equipment,Nike,Collegiate,EXCELLENCE SPORTING GOODS,No 32  VSIP II A Street 31,Bac Tan Uyen,Bình Duong,822710,Vietnam,SE ASIA,432,399,78,0
Sheyang Zhixiang Knitting Clothing Factory,FINISHED GOODS,Apparel,Nike,,ZHIXIANG KNITTING FACTORY,NO 9 TONGGUANG ROAD,YAN CHENG,Jiangsu,224373,China,N ASIA,291,263,94,0
"Delta Galil Vietnam Co., Ltd",FINISHED GOODS,Apparel,Nike,Collegiate,DELTA EQ GROUP,Phu Kim Village Cat Trinh Commune,Phu Cat,Bình Ðnh,55000,Vietnam,SE ASIA,3695,2692,82,0
Augusta Sportswear de Mexico S. de R.L. de C.V.,FINISHED GOODS,Apparel,Nike,,MOMENTEC,Tablaje Catastral 45086 45087 45088 Caucel Merida Yuc 97300,Merida,Yucatán,97300,Mexico,AMERICAS,730,554,75,1
Quanzhou  Fengze Yisheng Leather Co,FINISHED GOODS,Apparel,Converse,,GRUPO MEXICO,BUILDING 3  SOUTH  XUNMEI  INDUSTRY  DISTRICT,Quanzhou,Fujian,362000,China,N ASIA,43,37,70,0
UAB Haltex,FINISHED GOODS,Apparel,Nike,,UAB HALTEX,Audeju str,Alytus,Alytaus Apskritis,62175,Lithuania,EMEA,297,248,92,2
"MDK Embroideries Garments Co., Ltd",FINISHED GOODS,Apparel,Nike,,THUAN PHUONG,09 09A To Ky Str Trung My Tay Ward Dist 12,Ho Chi Minh City,Ho Chi Minh,70000,Vietnam,SE ASIA,1002,834,79,0
Jinadasa Bennett (Pvt) Ltd. Mawathagama,FINISHED GOODS,Apparel,Nike,,FOUNDATION GARMENTS,Lot 03 EPZ Denver Estate Mawathagama,Kurunegala,Kurunegala,60060,Sri Lanka,S ASIA,1297,989,87,0
"SIGMA VIETNAM INDUSTRIAL CO.,LTD",FINISHED GOODS,Equipment,Nike,,SIGMA,AV AVI GIAO LONG INDUSTRIAL PARK II AN PHUOC COMMUNE,BENTRE,Bn Tre,86000,Vietnam,SE ASIA,842,798,63,1
PT Mercindo Global Manufaktur,FINISHED GOODS,Equipment,Nike,,MERCINDO,Jl Raya Semarang Bawen Km 29 Desa Samban Bawen,Ungaran,Jawa Tengah,50661,Indonesia,S ASIA,2742,2016,68,0
Wan Way,FINISHED GOODS,Equipment,Nike,Collegiate,WAN WAY,No 89 Sec 4,Tainan,Tainan,70966,Taiwan,N ASIA,9,6,33,0
"Colltex Garment Mfy Co., Ltd.(VN)",FINISHED GOODS,Apparel,Nike,Collegiate,ECLAT,Lot 28 Road No7 Trang Bang Industrial Park,Trang Bang,Tây Ninh,843440,Vietnam,SE ASIA,2133,2010,96,0
SHAHI EXPORTS PVT LTD UNIT 26,FINISHED GOODS,Apparel,Nike,Collegiate,SHAHI,Plot No 44 51 SY,Mandya,Karnataka,571428,India,S ASIA,5513,5069,86,0
Honways Apparel Shuyang Limited,FINISHED GOODS,Apparel,Nike,,HONSIN,No 6 Jiaxing Road East Shuyang Economic Dev Zone,Jiangsu Province,Jiangsu,223600,China,N ASIA,306,191,92,0
"Weifang Aoxiang Sports Products Co., Ltd",FINISHED GOODS,Equipment,Nike,,WEIFANG AOXIANG SPORTS,Xilianzitun Village Wangjiazhuang Street,Weifang,Shandong,262105,China,N ASIA,25,20,45,0
"Unichela (Pvt)Ltd, Vidiyal Division",FINISHED GOODS,Apparel,Nike,,MAS HOLDINGS,Bharathipuram Road,Kilinochchi,Kilinochchi,44000,Sri Lanka,S ASIA,2014,1690,98,0
"TIANCHEN (CAMBODIA) LUGGAGE CO., LTD.",FINISHED GOODS,Equipment,Nike,,HIP KEUNG,Prey Pradak Village ,Kampong Speu,Kampong Spueu,050112,Cambodia,SE ASIA,425,410,59,0
RJ Liebe Athletic Lettering Co. (Downtown),FINISHED GOODS,Apparel,Nike,,RJ LIEBE ATHLETIC LETTERING,2720 Washington,ST. Louis,Missouri,63103,USA,AMERICAS,14,12,100,0
The Emblem Source,FINISHED GOODS,Apparel,Nike,Collegiate,EMBLEM SOURCE,4417 Westgrove Drive,Addison,Texas,75001,USA,AMERICAS,18,16,50,0
"Vung Tau Orient Co., Ltd",FINISHED GOODS,Equipment,Nike,Collegiate,FENG TAY AC,Road No11 Dong Xuyen Industrial Zone,Ho Chi Minh City,Bình Duong,00070,Vietnam,SE ASIA,1326,1268,61,0
VIETNAM CHINGLUH SHOES CO. Ltd.,FINISHED GOODS,Footwear,Nike,Collegiate,CHING LUH,Thuan Dao Ind Park,Ben Luc,Long An,700000,Vietnam,SE ASIA,16387,13719,80,0
"Qingdao Changshin Shoes Co., LTD. Jimo Factory",FINISHED GOODS,Footwear,Nike,,CHANGSHIN,Mocheng Road59 2,Qingdao,Shandong,266200,China,N ASIA,345,279,37,0
"Dongguan Youkai Industrial Co., Ltd",FINISHED GOODS,Equipment,Nike,Collegiate,DONGGUAN YOUKAI,Room 501 Building 2 No 11 Dalingshan Hupan Nan Yi Jie,Dongguan,Guangdong,523000,China,N ASIA,15,11,36,0
"Vietnam Chingluh Shoes Co., Ltd - Vinh Long Branch",FINISHED GOODS,Footwear,Nike,,CHING LUH,LOT G2 G8,VINH LONG,Vinh Long,89000,Vietnam,SE ASIA,1070,898,69,0
CHANG SHIN DONG NAI COMPANY LTD,FINISHED GOODS,Footwear,Nike,,CHANGSHIN,LO IV II TAN PHU INDUSTRIAL ZONE,Dong Nai,Ðng Nai,76000,Vietnam,SE ASIA,3311,2962,94,0
"DECOTEX INTERNATIONAL, Ldta de C.V.",FINISHED GOODS,Apparel,Nike,,TEGRA,American Industrial Park,Ciudad Arce,La Libertad,05002,El Salvador,AMERICAS,1237,849,83,0
"Shaanxi White River Apparel CO., LTD.",FINISHED GOODS,Apparel,Nike,,SPORTS CITY,South of Lijiazhuo community,Weinan City,Shaanxi,715600,China,N ASIA,800,470,98,0
RAMATEX TEXTILES (NANTONG) LTD,FINISHED GOODS,Apparel,Nike,,RAMATEX,No 88 DEVELOPMENT AVENUE BAOCHANG TOWN,NANTONG CITY,Jiangsu,226100,China,N ASIA,105,100,0,0
"Shoetown Footwear Co.,Ltd",FINISHED GOODS,Footwear,Nike,Collegiate,SHOETOWN,Bapian Village Xuanzhen Road,Qingyuan City,Guangdong,511800,China,N ASIA,10975,8777,88,0
Der Will S.A.,FINISHED GOODS,Equipment,Nike,Collegiate,DER WILL,Monsenor de Andrea 3333 Villa de Mayo,Buenos Aires,Buenos Aires,1614,Argentina,AMERICAS,252,239,45,8
"CAN SPORTS VIETNAM CO., LTD",FINISHED GOODS,Footwear,Nike,,SPORTS GEAR,THUAN HOA HAMLET TRUONG MIT COMMUNE,Tay Ninh,Tây Ninh,730000,Vietnam,SE ASIA,6591,4941,71,0
CHANG SHIN INDONESIA,FINISHED GOODS,Footwear,Nike,,CHANGSHIN,JL DUSUN GINTUNGKOLOT,KARAWANG,Jawa Barat,41371,Indonesia,S ASIA,15834,15194,86,0
"TREMON SPORTING GOODS ENTERPRISE CO.,LTD (A STRIKER)",FINISHED GOODS,Equipment,Nike,,TREMON,Lot 24 Road No6 Trang Bang Industrial Park,Tay Ninh,Tây Ninh,80000,Vietnam,SE ASIA,574,501,59,1
Imperial Winona,FINISHED GOODS,Apparel,Nike,Collegiate,PARAMOUNT,Highway 19,Winona,Missouri,65588,USA,AMERICAS,91,88,73,0
Mas Fabrics Pvt Ltd - Methliya,FINISHED GOODS,Apparel,Nike,,MAS HOLDINGS,Mas Fabric Park,Kegalle,Kegalla,71000,Sri Lanka,S ASIA,2647,2151,79,0
"Shoetown Hunan FOOTWEAR CO.,LTD",FINISHED GOODS,Footwear,Nike,Collegiate,SHOETOWN,"Deng Ta Road, Qiyang Development Zone",YongZhou City,Hunan,426100,China,N ASIA,2505,2115,86,0
"VERTEX APPAREL 2022 CO.,LTD.",FINISHED GOODS,Apparel,Nike,Collegiate,HI TECH,18 Moo 2 Nonphueng Warinchamrap,Ubonratchathani,Ubon Ratchathani,34190,Thailand,SE ASIA,1091,837,76,23
"Di Seta (Cambodia) Co.,Ltd",FINISHED GOODS,Equipment,Nike,,DI SETA (CAMBODIA),Vattanac Industrial Park II National Road 3,Phnom Penh,Phnom Penh,120505,Cambodia,SE ASIA,489,456,77,0
"Berry Apparel (Cambodia) Co., Ltd.",FINISHED GOODS,Apparel,Nike,,RAMATEX,Phum Chumpou Voin,Phnom Penh,Phnom Penh,120911,Cambodia,SE ASIA,1240,1079,90,0
"UNIPAX VI THANH CO., LTD.",FINISHED GOODS,Apparel,Nike,Collegiate,HWASEUNG CROWN,LOT A13 A17,Vi Thanh ,Hu Giang,95000,Vietnam,SE ASIA,2334,2209,83,0
Staples Promotional Products,FINISHED GOODS,Apparel,Nike,Collegiate,STAPLES CONTRACT AND COMMERCIAL,1520 Albany Place SE,Orange City,Iowa,51041,USA,AMERICAS,295,260,73,0
Sterling Apparel Manufacturing L.L.C. Sahab,FINISHED GOODS,Apparel,Nike,,MAS HOLDINGS,Building D Altajamouat Industrial City,Sahab,Amman,11636,Jordan,EMEA,1968,1525,70,95
"SUMBER MASANDA JAYA, PT",FINISHED GOODS,Footwear,Nike,,PRATAMA,Jl Raya Bangsri ,Brebes,Jawa Tengah,52253,Indonesia,S ASIA,13896,12343,92,0
Sarno Display S.r.l. SOCIETA' BENEFIT,FINISHED GOODS,Equipment,Nike,,GATTO,Via Galileo Galilei 30,Carnate,Lombardia,20866,Italy,EMEA,90,60,58,3
"Sato knit Co., Ltd",FINISHED GOODS,Apparel,Nike,,SATO KNIT,2653 -1 Kitahama-machi,Amakusa-city,Kumamoto,863 0011,Japan,N ASIA,42,39,100,51
"Feng Tay Enterprises Co., Ltd",FINISHED GOODS,Footwear,Nike,,FENG TAY,No 52 Kegong 8th Road,Douliou,Yunlin,640,Taiwan,N ASIA,1860,247,49,0
Far Eastern Apparel Limited Vietnam,FINISHED GOODS,Apparel,Nike,Collegiate,FAR EASTERN,St 32 12A VSIP II A,Binh Duong,Bình Duong,750000,Vietnam,SE ASIA,1703,1315,69,0
Delta Socks Ltd.,FINISHED GOODS,Equipment,Nike,,DELTA EQ GROUP,INDUSTRIAL ZONE 1 HAYOTZRIM ST,KARMIEL,H_efa,20100,Israel,EMEA,205,13,38,0
East Wind Footwear Company Limited (India Branch) - Unit 2,FINISHED GOODS,Footwear,Nike,,FENG TAY,Plot No 3E Unit 2 SIPCOT Industrial Park,Chennai,Tamil Nadu,631701,India,S ASIA,3545,2399,84,0
"Xiamen Goge Garment Co., LTD",FINISHED GOODS,Apparel,Nike,,XIAMEN GOGE,Room 703 No 9 to 6 Tongming North Road Tongan District,Xiamen,Fujian,361113,China,N ASIA,30,23,100,0
Viet Khanh Company Limited,FINISHED GOODS,Apparel,Nike,Collegiate,SOUTH ISLAND,Hoa Phuc Hamlet,Tien Giang,Tin Giang,860000,Vietnam,SE ASIA,1219,1019,74,0
HAYAFUJI,FINISHED GOODS,Footwear,Nike,,HAYAFUJI,96 9,Kyoto-shi,Kyoto,603-8487,Japan,N ASIA,5,4,50,0
JK GARMENTS (PRIVATE) LIMITED,FINISHED GOODS,Apparel,Nike,,HONSIN,"MADAGALLA ROAD, IBBAGAMUWA",KURUNEGALA,Kurunegala,60500,Sri Lanka,S ASIA,1081,908,83,0
HESHAN TOP EAGLE GARMENT LTD.,FINISHED GOODS,Apparel,Nike,,NICE APPAREL,NO 001 DISTRICT 3 OF HECHENG INDUSTRIAL PARK,Heshan,Guangdong,529727,China,N ASIA,493,293,93,0
"Pilotknit Sport Wear Co.,ltd.",FINISHED GOODS,Apparel,Nike,,PILOT,89 13 Moo 2 Rama ll Road T Kokkrabur,Muang,Samut Sakhon,74000,Thailand,SE ASIA,735,639,76,82
PT Morich Indo Fashion,FINISHED GOODS,Apparel,Nike,,MORICH,JL RAYA KARANGJATI KM 25 GEMBONGAN KARANGJATI BERGAS,UNGARAN,Jawa Tengah,50552,Indonesia,S ASIA,2791,2656,80,0
Vertical Knits S.A. de C.V.,FINISHED GOODS,Apparel,Nike,Collegiate,VERTICAL KNITS,CALLE 20 131 C X 27 Y 29,Baca,Yucatán,97450,Mexico,AMERICAS,1947,1052,58,0
"Textiles La Paz, L.L.C.",FINISHED GOODS,Apparel,Nike,,FUN TEES,Zona Franca El Pedregal,El Rosario La Paz,La Paz,28026,El Salvador,AMERICAS,2153,1638,67,0
SUNNY JET HOSIERY (CAMBODIA) CO.LTD,FINISHED GOODS,Apparel,Nike,,SUNNY JET,National Road 02,Phnom Penh,Taakaev,210810,Cambodia,SE ASIA,428,409,55,1
"Song Hong Garment JSC - Song Hong 7 Branch: Factory 11,12,13,14",FINISHED GOODS,Apparel,Nike,,SONG HONG,Industrial Cluster Yen Dinh Town Hai Hau District,Nam Dinh,Nam Ðnh,428200,Vietnam,SE ASIA,1913,1678,77,0
"Paramount Apparel International, LLC.",FINISHED GOODS,Apparel,Nike,Collegiate,PARAMOUNT,1916 Imperial Way,Bourbon,Missouri,65441,USA,AMERICAS,290,90,42,0
Ramatex Apparel Suzhou Ltd.,FINISHED GOODS,Apparel,Nike,,RAMATEX,"115 Ting Nan Lu, Wei Ting Town, Suzhou Industrial Park",Suzhou,Jiangsu,215121,China,N ASIA,349,303,92,0
Vo Nhai Garment Branch – TNG Investment and Trading JSC,FINISHED GOODS,Apparel,Nike,,VO NHAI 1 GARMENT BRANCH,Cay Bong Industrial Park La Hien Commune Vo Nhai District,Thai Nguyen,Thái Nguyên,24000,Vietnam,SE ASIA,1871,1678,79,0
DASS Nordeste Calcados e Artigos Esportivos LTDA.,FINISHED GOODS,Footwear,Nike,,DASS,RUA PROFESSORA MARIA LIA CELIA VELLAME,SANTO ESTEVAO,Bahia,44190-000,Brazil,AMERICAS,6012,4452,61,0
"Pacific Athletic Wear, Inc. ",FINISHED GOODS,Apparel,Nike,,PACIFIC ATHLETIC WEAR,7340 Lampson Avenue,Garden Grove,California,92841,USA,AMERICAS,101,86,58,0
"Dong Guan Goldenprene Sporting Goods Co., Ltd.",FINISHED GOODS,Equipment,Nike,Collegiate,GUANG DER,Number 17 West Jinfu Road,"Liaobu Town, Dong Guan",Guangdong,523406,China,N ASIA,731,581,58,0
"JIANGSU JINHUBAO GARMENT CO., LTD",FINISHED GOODS,Apparel,Nike,,DECOR,LIDIAN TOWN GUANGLING DISTRICT,YANGZHOU,Jiangsu,225106,China,N ASIA,141,122,89,0
PT PRATAMA ABADI INDUSTRI,FINISHED GOODS,Footwear,Nike,,PRATAMA,Jalan Raya Bandung Tasikmalaya KM 43 Desa Cijolang,Garut,Jawa Barat,44186,Indonesia,S ASIA,8591,7791,97,0
"BRANCH 1 OF GREENTECH HEADGEAR CO., LTD IN DONG NAI",FINISHED GOODS,Apparel,Nike,Collegiate,ASIAN SOURCING HEADWEAR,ROAD No 3 NHON TRACH 2 IZ NHON PHU,NHON TRACH,Ðng Nai,810000,Vietnam,SE ASIA,1680,1400,80,0
VINH TIEN GARMENT JOINT STOCK COMPANY,FINISHED GOODS,Apparel,Nike,,SOUTH ISLAND,1A Hung Dao Vuong,Vinh Long,Vinh Long,850000,Vietnam,SE ASIA,1437,1215,73,0
PT Jinlin Luggage Indonesia,FINISHED GOODS,Equipment,Nike,,FORMOSA,JI Raya Jepara Kudus KM 28 Sengonbugel Mayong Kab,JEPARA,Jawa Tengah,59465,Indonesia,S ASIA,1350,1181,31,2
"CHANG SHIN VIETNAM COMPANY, LTD.",FINISHED GOODS,Footwear,Nike,,CHANGSHIN,Thanh Phu Vinh Cuu Dong Nai,Dong Nai,Ðng Nai,76000,Vietnam,SE ASIA,34190,30898,75,0
COCALQUI COOPERATIVA DE TRABALHO DA INDUSTRIA DE CALCADOS DE QUIXERAMOBIM LTDA.,FINISHED GOODS,Footwear,Nike,,ANIGER,AV JOSE G PINHEIRO 155 EDMILSON CORREIA,QUIXERAMOBIM,Ceará,63800-000,Brazil,AMERICAS,5554,5084,54,0
POVOLO SRL,FINISHED GOODS,Apparel,Nike,,POVOLO,VIA GRAN BRETAGNA 1,Gallarate,Varese,21013,Italy,EMEA,24,16,94,31
PT Victory Chingluh Indonesia,FINISHED GOODS,Footwear,Nike,,CHING LUH,JL Raya Pasarkemis Rajeg,Tangerang,Banten,15560,Indonesia,S ASIA,4175,3645,56,0
"Olive Apparel (Cambodia) Co., Ltd.",FINISHED GOODS,Apparel,Nike,,RAMATEX,National Road No 3 Phum Prey Kambot,Phnom Penh,Phnom Penh,120910,Cambodia,SE ASIA,1473,1304,84,0
PT. Kanindo Makmur Jaya,FINISHED GOODS,Equipment,Nike,Collegiate,KANAAN,Jalan Raya Jepara Kudus,Jepara,Jawa Tengah,59462,Indonesia,S ASIA,6030,5929,64,0
South Island Garment Sdn Bhd,FINISHED GOODS,Apparel,Nike,Collegiate,SOUTH ISLAND,2468 Solok Perusahaan Dua,Perai,Pulau Pinang,13600,Malaysia,S ASIA,601,325,46,83
JERASH GARMENTS AND FASHION MANUFACTURING CO LTD - UNIT 4,FINISHED GOODS,Apparel,Converse,,"JERASH GARMENTS & FASHIONS, UNIT 4",Building E,Sahab,Amman,11636,Jordan,EMEA,1331,1195,90,68
Big Game Sports,FINISHED GOODS,Equipment,Nike,Collegiate,BIG GAME SPORTS,13835 Welch Rd,Dallas,Texas,75244,USA,AMERICAS,69,50,40,0
PT Semarang Garment,FINISHED GOODS,Apparel,Nike,Collegiate,ONTIDE,JL Soekarno Hatta Km 25,Semarang,Jawa Tengah,50552,Indonesia,S ASIA,3851,3462,96,0
Charmgo (Cambodia) Co. Ltd,FINISHED GOODS,Apparel,Nike,,CHARMGO,Pham Bostanei Kuhn Kaheing Srok Samrongtong Kampong Spey,Kampong Spey,Kampong Spueu,05207,Cambodia,SE ASIA,1557,1526,75,1
Song Hong - Nghia Hung Garment Joint Stock Company,FINISHED GOODS,Apparel,Nike,,SONG HONG NGHIA HUNG COMPANY,Team 12 Nghia Phong Town Nghia Hung District,Nam Dinh,Nam Ðnh,426710,Vietnam,SE ASIA,1802,1678,77,0
MAXPORT LIMITED VIET NAM NAM DINH BRANCH MAXPORT 05,FINISHED GOODS,Apparel,Nike,Collegiate,MAXPORT,Lot No85 Map No44,Nam Dinh,Nam Ðnh,42000,Vietnam,SE ASIA,1370,1123,84,0
"Fu-Luh Shoes Co., LTD",FINISHED GOODS,Footwear,Nike,,CHING LUH,Tri Yen Hamlet Tan Kim Commune Can Giuoc County,Long An,Long An,82500,Vietnam,SE ASIA,10728,9539,74,0
"CHANG SHIN VIETNAM CO., LTD",FINISHED GOODS,Footwear,Nike,,CHANGSHIN,Lot C Loc An Binh Son Industrial Zone,Long Thanh District,Ðng Nai,00061,Vietnam,SE ASIA,5828,5291,90,0
BRANCH OF MDK EMBROIDERIES GARMENTS COMPANY LIMITED - BINH CHANH 2 FACTORY,FINISHED GOODS,Apparel,Nike,,"THUAN PHUONG EMBROIDERIES GARMENTS CO., LTD - BINH CHANH FACTORY 2",Provincial Road 835A  Loc Tien Hamlet  My Loc Commune,Tay Ninh,Tây Ninh,82509,Vietnam,SE ASIA,785,748,66,0
"Future Garment Co., Ltd.",FINISHED GOODS,Apparel,Nike,,HI TECH,"211/18-26 Nonsee Road , Chongnonsee  Yannawa ",Bangkok,Bangkok,10120,Thailand,SE ASIA,430,360,64,92
ELITE SPORTSWEAR L.P.,FINISHED GOODS,Apparel,Nike,,ELITE SPORTSWEAR,2136 NORTH 13TH STREET,READING,Pennsylvania,19604,USA,AMERICAS,416,188,81,0
Qingyuan City Liannan Yao Nationality Autonomous County Rongfang Footwear,FINISHED GOODS,Footwear,Nike,Collegiate,SHOETOWN,"50 Yan Jiang East Road,San Jiang Town Lian Nan County",QING YUAN,Guangdong,513300,China,N ASIA,705,652,97,0
"Dongguan Dingjia Sporting Goods Co.,Ltd.",FINISHED GOODS,Equipment,Nike,,DONGGUAN DINGJIA,No 24 Huanshi South Road Tangxia Town Dongguan,Dongguan,Guangdong,523726,China,N ASIA,20,16,69,0
GreenTech Headgear Company Limited,FINISHED GOODS,Apparel,Nike,Collegiate,ASIAN SOURCING HEADWEAR,D02 Street Chau Duc Industrial Zone,Chau Duc,Bà Ra - Vung Tàu,78000,Vietnam,SE ASIA,2086,1930,79,0
Gianel Shoes srl,FINISHED GOODS,Footwear,Converse,,GIANEL,ZONA INDUSTRIALE,CASARANO,Lecce,73042,Italy,EMEA,157,152,68,4
"Apple Apparel (Cambodia) Co., Ltd.",FINISHED GOODS,Apparel,Nike,,RAMATEX,Phum Chumpou Voin,Phonm Penh,Phnom Penh,120911,Cambodia,SE ASIA,584,509,81,0
"Annora Vietnam  Footwear Co.,Ltd",FINISHED GOODS,Footwear,Nike,,HUALI,Nghi Son Economic Zone Dao Duy Tu Ward ,Nghi Son Township,Thanh Hóa,456400,Vietnam,SE ASIA,21878,19845,88,0
ALSTON APPAREL INC.,FINISHED GOODS,Apparel,Nike,,SPORTS CITY,Lot 2c 3b and 3c Block 3 Crescent Road,Lapu Lapu,Cebu,6015,Philippines,N ASIA,750,600,92,0
Pou Chen Corporation,FINISHED GOODS,Footwear,Nike,,POU CHEN,No 2 Fugong Rd,Changhua,Changhua,506027,Taiwan,N ASIA,1654,476,79,0
"Vietnam Golden Victory Co., Ltd.",FINISHED GOODS,Footwear,Nike,Collegiate,STELLA,DONG BINH VILLAGE DONG THINH WARD NGHIA HUNG DISTRICT,Nam Dinh,Nam Ðnh,420000,Vietnam,SE ASIA,9040,8150,80,0
Zhejiang Guangtai Delta Socks Co. Ltd.,FINISHED GOODS,Equipment,Nike,Collegiate,DELTA EQ GROUP,36 Kaixiang Avenue,Datang Street Zhuji,Zhejiang,311812,China,N ASIA,215,164,54,0
"Oriental Garment Co., Ltd – Nongbuadang",FINISHED GOODS,Apparel,Nike,,ORIENTAL GARMENT,178 Moo 17,Nongbuadang,Chaiyaphum,36210,Thailand,SE ASIA,292,289,67,0
Interloop Limited,FINISHED GOODS,Equipment,Nike,,INTERLOOP,7 km Khurrianwala Jaranwala Road,Faisalabad,Punjab,37660,Pakistan,S ASIA,16529,11607,16,0
TKG TAEKWANG VINA JOINT STOCK COMPANY,FINISHED GOODS,Footwear,Nike,,TAEKWANG,No 8 Road 9A,BIEN HOA,Ðng Nai,700000,Vietnam,SE ASIA,15894,13390,90,0
Sportek,FINISHED GOODS,Footwear,Nike,,DIAMANT,Milosa Oblica,Kotor Varos,Republika Srpska,78220,Bosnia,EMEA,1998,1835,71,0
Dass Sul Calcados e Artigos Esportivos Ltda,FINISHED GOODS,Apparel,Nike,,CLASSICO,Marcilio Dias 10,Saudades,Santa Catarina,89868-000,Brazil,AMERICAS,821,443,68,44
"Fujian Xiefeng Footwear Co.,Ltd.",FINISHED GOODS,Footwear,Nike,,FENG TAY,NO 888 CHENGHAN WEST ROAD,Putian,Fujian,351131,China,N ASIA,4366,3652,76,0
PT. SHOETOWN LIGUNG INDONESIA,FINISHED GOODS,Footwear,Nike,Collegiate,SHOETOWN,"JALAN LANUD SUKANI, DESA BUNTU",MAJALENGKA,Jawa Barat,45456,Indonesia,S ASIA,12034,10223,43,0
"Eagle Nice (Yifeng) Garments Co., Ltd",FINISHED GOODS,Apparel,Nike,,EAGLE NICE,No 76 Gong Zhang Road,Yifeng,Jiangxi,336300,China,N ASIA,1817,1441,96,0
PT ECLAT TEXTILE INTERNATIONAL,FINISHED GOODS,Apparel,Nike,Collegiate,ECLAT,Jl SAPTARENGGA No 11 Kel Wonorejo Kec Kaliwungu,Kendal,Jawa Tengah,51372,Indonesia,S ASIA,6038,5837,90,0
Viet Long Hung Garment Company Limited,FINISHED GOODS,Apparel,Nike,Collegiate,SOUTH ISLAND,Hung Thanh Hamlet,Go Cong City,Tin Giang,860000,Vietnam,SE ASIA,2067,1880,62,0
NAM THIEN COMPANY LIMITED,FINISHED GOODS,Apparel,Nike,Collegiate,SOUTH ISLAND,Lot IV No 13 No 4 Street,Ho Chi Minh,Ho Chi Minh,700000,Vietnam,SE ASIA,461,396,77,0
KWAN TAT VIET NAM INDUSTRIAL LIMITED,FINISHED GOODS,Apparel,Nike,Collegiate,KWAN TAT VIET NAM INDUSTRIAL LIMITED, T6 147M 6 group,Thuan An,Bình Duong,752118,Vietnam,SE ASIA,117,96,77,11
"Boling Digital (Xiamen) Technology Co.,Ltd",FINISHED GOODS,Apparel,Nike,,HADDAD,No 175 Ji an Road,Xiamen City,Fujian,361100,China,N ASIA,88,80,81,0
TDT Investment and Development JSC,FINISHED GOODS,Apparel,Converse,,TDT INVESTMENT AND DEVELOPMENT,Thuan Phap Village Diem Thuy Commune,Thai Nguyen,Thái Nguyên,24900,Vietnam,SE ASIA,670,505,69,0
TIGAMARO SRL,FINISHED GOODS,Apparel,Nike,,TIGAMARO,Via Cristoforo Colombo 164,Macerata,Macerata,62029,Italy,EMEA,85,72,93,6
Maxport Limited (Viet Nam) - Thai Binh Branch,FINISHED GOODS,Apparel,Nike,Collegiate,MAXPORT,Lot with area of 110238 m2,Vu Thu,Thái Bình,410000,Vietnam,SE ASIA,2662,2116,83,0
Dass Nordeste Calcados e Artigos Esportivos Ltda,FINISHED GOODS,Footwear,Nike,,DASS,Av Juracy Magalhaes 5100,Vitoria da Conquista,Bahia,45023-490,Brazil,AMERICAS,3970,3770,50,0
MAS Al Safi Apparel Manufacturing LLC - Madaba,FINISHED GOODS,Apparel,Nike,,MAS HOLDINGS,Dulailet Alhamaideh Leb and Mlaih,Madaba,Madaba,11636,Jordan,EMEA,706,622,66,17
YANCHENG XINBO GARMENTS CO LTD,FINISHED GOODS,Apparel,Nike,,DECOR,NO11 CHANGJIANG RD,Yancheng,Jiangsu,224007,China,N ASIA,178,153,95,0
Diamant srl,FINISHED GOODS,Footwear,Nike,,DIAMANT,Viale del Lavoro 8,Sorga,Verona,37060,Italy,EMEA,250,188,71,5
ENVA TEXTILE GROUP FOR SOCKS PRODUCTION S.A.E,FINISHED GOODS,Apparel,Nike,,ENVA TEXTILE GROUP,ISMAILIA PUBLIC FREE ZONE,ISMAILIA,AI Isma iliyah,41639,Egypt,EMEA,359,294,56,0
Lotus Footwear Enterprises Ltd. (India Branch) - Unit 1,FINISHED GOODS,Footwear,Nike,,FENG TAY,Plot No 3B SIPCOT Industrial Park,Thiruvannamalai,Tamil Nadu,631701,India,S ASIA,6352,6319,54,0
Ev-kon Tekstil San. Ve Tic. A.S.,FINISHED GOODS,Apparel,Nike,,YESIM,Kayatepe Mah Kayatepe Kume evleri No 219 Savur Mardin,Mardin,Mardin,47860,Turkey,EMEA,1099,987,43,0
Tho Xuan Corporation Company Limited,FINISHED GOODS,Apparel,Nike,,THO XUAN CORP,THO XUAN TOWN INDUSTRIAL CLUSTER XUANTRUONG COMMU,Thanh Hoa,Thanh Hóa,40000,Vietnam,SE ASIA,643,601,85,0
"Atoms., Inc",FINISHED GOODS,Equipment,Nike,,ATOMS,"156-4,DAIFUKU",SAKURAI,Nara,6330067,Japan,N ASIA,5,2,0,0
Haivina Hong Linh Co. Ltd,FINISHED GOODS,Equipment,Nike,,HAIVINA HONG,Nam Hong Industrial Zone,Ha Tinh Province,Hà Tinh,480000,Vietnam,SE ASIA,1201,1080,99,0
Crystal Martin (Vietnam) Company Limited,FINISHED GOODS,Apparel,Nike,,CRYSTAL,Lot R R1,Viet Yen Town,Bc Giang,26170,Vietnam,SE ASIA,5382,4561,65,0
Lucky Star Vietnam Garment Company Limited,FINISHED GOODS,Apparel,Nike,,LUCKY STAR,No 108 part of lot D road No 3 Dong An IP Binh Hoa Ward,Thuan An,Bình Duong,820000,Vietnam,SE ASIA,1016,892,75,0
"VIETNAM DONA ORIENT CO., LTD",FINISHED GOODS,Footwear,Nike,,FENG TAY,Song May Industrial Zone Bac Son Ward,Trang Bom,Ðng Nai,76000,Vietnam,SE ASIA,8545,8252,60,0
"Celeritas de San Bartolo, S.A. de C.V.",FINISHED GOODS,Apparel,Nike,,INDUSTRIAS MERLET,KILOMETRO 69 CARRETERA A METAPAN CUTUMAY CAMONES,SANTA ANA,Santa Ana,41000,El Salvador,AMERICAS,871,859,75,0
Texlan Center Private Limited,FINISHED GOODS,Equipment,Nike,,INTERLOOP,"Weniwalgodalle Estate, Dagonna Road",Minuwangoda,Colombo,11550,Sri Lanka,S ASIA,1093,810,45,0
"Jiangxi Guangyou Shoetown Footwear Co., Ltd.",FINISHED GOODS,Footwear,Nike,Collegiate,SHOETOWN,"Xiangtang village, Xiangtang town",Nanchang,Jiangxi,330201,China,N ASIA,1331,992,82,0
TEXTILES INTERNATIONAL OF EGYPT LTD.,FINISHED GOODS,Apparel,Nike,,TIE TEXTILES,PUBLIC FREE ZONE  NASR CITY,CAIRO,Ash Sharqiyah,11816,Egypt,EMEA,812,695,60,0
MAS KREEDA Shadeline ,FINISHED GOODS,Apparel,Nike,,MAS HOLDINGS,MAPAKADEWEWA,MAHIYANGANAYA,Monaragala,90730,Sri Lanka,S ASIA,3385,2879,76,0
LIM SRL,FINISHED GOODS,Footwear,Converse,,LIM,VIA FRASSENARA 21,Montagnana,Padova,35044,Italy,EMEA,39,29,21,24
Rollsport Vietnam Footwear Limited,FINISHED GOODS,Footwear,Nike,,HUALI,Hoang Long Industrial Zone,Thanh Hoa,Thanh Hóa,440000,Vietnam,SE ASIA,17400,15804,91,0
ORIENTAL GARMENT AN GIANG CO LTD,FINISHED GOODS,Apparel,Nike,,ORIENTAL GARMENT,PLOT K BINH HOA IZ BINH HOA COMMUNE CHAU THANH DISTRICT,AN GIANG,An Giang,90000,Vietnam,SE ASIA,428,357,79,0
PT Eagle Nice Indonesia,FINISHED GOODS,Apparel,Nike,Collegiate,EAGLE NICE,JL Raya Serang,Kabupaten Serang,Banten,42186,Indonesia,S ASIA,2738,1952,73,1
TTG Co. Ltd.,FINISHED GOODS,Apparel,Nike,Collegiate,SOUTH ISLAND,Lot B1 4,Tien Giang,Long An,3937350,Vietnam,SE ASIA,41,38,39,0
JDTEX INDUMENTARIA S.A.,FINISHED GOODS,Apparel,Converse,,JDTEX INDUMENTARIA SA,Juan Iribarne 960,Lujan,Buenos Aires,B6700,Argentina,AMERICAS,28,23,83,0
"Shandong Yuanchenghe Garment Co.,Ltd",FINISHED GOODS,Apparel,Nike,Collegiate,FAR EASTERN,Huan cheng Science and Technology Park,Taian City,Shandong,271400,China,N ASIA,176,137,92,0
TCS SRL,FINISHED GOODS,Apparel,Nike,,TCS,VIA REGINA TEODOLINDA 47,Como,Como,22100,Italy,EMEA,17,14,57,0
Grumax,FINISHED GOODS,Apparel,Nike,,GRUPO,Av Lazaro Cardenas S N,Xalapa,Veracruz,91180,Mexico,AMERICAS,494,436,61,0
PT Marel Sukses Pratama,FINISHED GOODS,Equipment,Converse,,PT MAP,JL Baru Mulungan Gondang Penen,Yogyakarta,Yogyakarta,55285,Indonesia,S ASIA,156,128,52,0
Marbelys 2,FINISHED GOODS,Apparel,Nike,,MARBELYS,5a Avenida 0 03 zona 2,San Pedro Sacatepequez,Guatemala,01058,Guatemala,AMERICAS,134,128,57,0
"PROSPORTS FASHION (VIET NAM) CO., LTD.",FINISHED GOODS,Apparel,Converse,,PROSPORTS FASHION,Lot CN24 Cao An Industrial cluster,Hai Duong,Hai Phong,03608,Vietnam,SE ASIA,470,387,79,0
EAGLE NICE VIETNAM COMPANY LIMITED,FINISHED GOODS,Apparel,Nike,,EAGLE NICE,New Hamlet 2,Tay Ninh,Tây Ninh,82720,Vietnam,SE ASIA,715,439,89,0
Walt USA LLC,FINISHED GOODS,Equipment,Nike,,ZHEJIANG WALT,2929 N Main St,N Logan,Utah,84341,USA,AMERICAS,31,26,62,0
"Vertex One Apparel Phils., Inc.",FINISHED GOODS,Apparel,Nike,,SPORTS CITY,Crescent Road Lot 8 Block 4,Lapu Lapu City,Cebu,6015,Philippines,N ASIA,2151,1329,64,0
"Xiamen Xinduoyu Manufacturing Co., Ltd.",FINISHED GOODS,Apparel,Nike,,XIAMEN XINDUOYU MANUFACTURING,2 of No 32 1 Xinyuan Road Jimei District,Xiamen,Fujian,361000,China,N ASIA,61,53,68,0
"Tremon Sporting Goods Enterprise Co.,Ltd",FINISHED GOODS,Equipment,Nike,,TREMON,Road No 5 Trang Bang Industrial Park,Tay Ninh,Tây Ninh,80000,Vietnam,SE ASIA,908,789,58,1
MAS KREEDA PDC & MEC,FINISHED GOODS,Apparel,Nike,,MAS HOLDINGS,Lot 49 58 59 BEPZ,Colombo,Colombo,42000,Sri Lanka,S ASIA,233,119,63,0
MAS KREEDA Synergy ,FINISHED GOODS,Apparel,Nike,Collegiate,MAS HOLDINGS,A3 Seethawaka Export Processing zone,Avissawella,Colombo,10700,Sri Lanka,S ASIA,2858,2348,67,0
Cooperativa Textil Seuca Ltda.,FINISHED GOODS,Apparel,Converse,,COOPERATIVA TEXTIL SEUCA,Las Heras 513,Guaymallen,Mendoza,M5521,Argentina,AMERICAS,21,17,82,0
Ha Noi Garment No. 40 Joint Stock Company,FINISHED GOODS,Apparel,Nike,,MAXPORT,88 Ha Dinh Thanh Xuan Dist,Ha Noi City,Ha Noi,800000,Vietnam,SE ASIA,84,61,87,0
Ajara Textile Ltd (Rustavi),FINISHED GOODS,Apparel,Nike,,MILTEKS,20 Gagarini street Rustavi,Rustavi,Tbilisi,3700,Georgia,EMEA,1118,1038,97,0
"JOY VINA FASHION CO., LTD",FINISHED GOODS,Apparel,Converse,,JOY VINA FASHION,Tu Dong Village,Hung Yen,Hung Yên,39000,Vietnam,SE ASIA,381,310,82,1
PT YIH QUAN FOOTWEAR INDONESIA,FINISHED GOODS,Footwear,Converse,,LAI YIH,KAWASAN INDUSTRI TERPADU BATANG,REGENCY BATANG,Jawa Tengah,51271,Indonesia,S ASIA,1499,1346,72,0
"JIAXING QUANG VIET GARMENT CO., LTD.",FINISHED GOODS,Apparel,Nike,,QUANG VIET,Pingxingxian Tongxinduan 318 Xindai Town,Ping Hu,Zhejiang,314211,China,N ASIA,1436,1322,60,0
"PREMIER GLOBAL (VIETNAM) GARMENT FACTORY CO., LTD",FINISHED GOODS,Apparel,Nike,,NICE APPAREL,LOT C  STREET 1 DONG AN INDUSTRIAL PARK BINH HOA WARD,THUAN AN CITY,Bình Duong,82000,Vietnam,SE ASIA,1354,1334,72,0
"WP Sports (Cambodia) Co., Ltd.",FINISHED GOODS,Equipment,Nike,Collegiate,WELLPOWER,Trapeang Ta Ei Village,Svaay Rieng,Svaay Rieng,200605,Cambodia,SE ASIA,30,23,96,26
"CCH TOP VN CO., LTD.",FINISHED GOODS,Apparel,Nike,,CHUAN CHENG,Tan Thuan Road Tan Thuan,HO CHI MINH,Ho Chi Minh,70000,Vietnam,SE ASIA,1607,1522,90,0
Style Textile(Pvt.) Limited-SAP,FINISHED GOODS,Apparel,Nike,Collegiate,STYLE TEXTILE,Two and half Km off Manga Raiwind Road,Kasur/Lahore,Punjab,55250,Pakistan,S ASIA,12824,12212,1,0
Jade Textile Alexandria  ,FINISHED GOODS,Apparel,Nike,,YESIM,5 Industrial Zone A Plot 2,Alexandria,Ad Daqahliyah,21934,Egypt,EMEA,1191,616,24,0
PT Pratama Abadi Industri,FINISHED GOODS,Footwear,Nike,,PRATAMA,Jl. Raya Serpong Km. 7,Tangerang Selatan,Banten,15325,Indonesia,S ASIA,6332,5085,83,0
"Zhejiang Top Circle Textiles Co.,Ltd",FINISHED GOODS,Apparel,Nike,,ZHEJIANG TOP,Building 6 No 671 Xingping 4th Road,Jiaxing,Zhejiang,314200,China,N ASIA,107,94,79,0
Taitat Putra Rejeki,FINISHED GOODS,Equipment,Converse,,PT MAP,Jalan Industri No 54 Tarikolot Citeureup Kabupaten bogor,Bogor,Jawa Barat,16110,Indonesia,S ASIA,67,49,78,2
"Goodmate (Cambodia) Headwears Co., Ltd",FINISHED GOODS,Apparel,Nike,,GOODMATE,Phum Boeng Thom2 Sangkat Boeng Thom Khan Pou Sen Chey,Phnom Penh,Phnom Penh,120907,Cambodia,SE ASIA,384,381,75,0
"Xiamen Kaiyuan Technology Co.,Ltd",FINISHED GOODS,Apparel,Nike,,XIAMEN KAIYUAN,2nd floor No 250 Jinting North Road,Xiamen,Fujian,361023,China,N ASIA,24,18,78,0
"PHUC TAI TAY NINH CO., LTD",FINISHED GOODS,Footwear,Nike,,SPORTS GEAR,Lot B7 Tan Hoi Industrial cluster,Tay Ninh,Tây Ninh,80000,Vietnam,SE ASIA,425,368,84,0
PT MAS ARYA INDONESIA,FINISHED GOODS,Apparel,Nike,,MAS HOLDINGS,Tugu Wijaya Road VI 7 Kawasan Industri,Semarang,Jawa,50181,Indonesia,S ASIA,2143,2099,80,1
"Fujian Lifeng Footwear Industrial Development CO.,LTD.",FINISHED GOODS,Footwear,Nike,,FENG TAY,Wutang Town Hanjiang District Putian City Fujian Province,Putian,Fujian,351119,China,N ASIA,3291,2752,74,0
Ajara Textile Ltd (Poti),FINISHED GOODS,Apparel,Nike,,MILTEKS,31 Motserelia Str,Poti,Samegrelo-Zemo Sva,4400,Georgia,EMEA,1493,1369,93,0
PT. TKG TAEKWANG CIREBON,FINISHED GOODS,Footwear,Nike,,TAEKWANG,BLOK PRIUK Desa Kelurahan Pabedilan Kulon Kec Pabedilan,Kab Cirebon,Jawa Barat,45193,Indonesia,S ASIA,681,447,98,0
PT. CCH INDONESIA,FINISHED GOODS,Apparel,Nike,,CHUAN CHENG,Jl Desa Giriasih No 16,Bandung Barat,Jawa Barat,40552,Indonesia,S ASIA,1660,1519,59,0
SongSen Garment Suzhou Ltd,FINISHED GOODS,Apparel,Nike,,RAMATEX,168 Liu Feng Road,Suzhou,Jiangsu,215124,China,N ASIA,387,364,90,0
"NAN YANG GARMENT CO.,LTD",FINISHED GOODS,Apparel,Nike,Collegiate,NAN YANG,166 168 170 172 Moo 1,Sampran,Nakhon Pathom,73110,Thailand,SE ASIA,1661,1463,63,90
COOPERSHOES - COOPERATIVA DE CALCADOS E COMPONENTES JOANETENSE LTDA - Las Flores,FINISHED GOODS,Footwear,Converse,,COOPERSHOES,Calle El Molino 134 Sector Industrial Las Flores,Las Flores,Buenos Aires,7200,Argentina,AMERICAS,75,49,49,0
PT. CHANGSHIN  REKSA JAYA,FINISHED GOODS,Footwear,Nike,,CHANGSHIN,Kp Karang Mekar RT 002 RW 008,GARUT,Jawa Barat,44152,Indonesia,S ASIA,10641,10171,97,0
Sun Yuan Optical (Vietnam) Co. Ltd.,FINISHED GOODS,Equipment,Nike,,SUN YUAN OPTICAL (VIETNAM) CO LTD,Lot N3 Road No01 Phuc Long IP Long Hiep Commune,Ben Luc District,Long An,850000,Vietnam,SE ASIA,126,105,80,0
Viet Long Giang Garment Joint Stock Company ,FINISHED GOODS,Apparel,Nike,,SOUTH ISLAND,Highway 91 Group 9,Can Tho City,Can Tho,900000,Vietnam,SE ASIA,1141,954,77,0
"Shishi Maihong Clothing Co., LTD",FINISHED GOODS,Apparel,Nike,,SHISHI HONGTING,2 Fuyuan West Road Shishi City Fujian province China,shishi,Fujian,362799,China,N ASIA,131,107,73,0
"Wilson Leather Cambodia Co., LTD.",FINISHED GOODS,Equipment,Nike,,GUANG DER,THLORK VILLAGE,Samraong Tong District,Kampong Spueu,050113,Cambodia,SE ASIA,1295,894,60,6
TOPSHOES IND CALCADOS SA,FINISHED GOODS,Footwear,Converse,,COOPERSHOES,RODOVIA CE 377 SN,QUIXERE,Ceará,62920000,Brazil,AMERICAS,938,690,65,0
"Hao’s Fitness Equipment (Shanghai) Co., Ltd. TRADING LTD",FINISHED GOODS,Equipment,Nike,,JOSH SHANGHAI INDUSTRIAL,No188 Gangde Road Songjiang District Shanghai,Shanghai,Shanghai,201616,China,N ASIA,41,35,31,0
SHAOYANG STELLA FOOTWEAR COMPANY LIMITED,FINISHED GOODS,Footwear,Nike,Collegiate,STELLA,JIXIAN ROAD,SHAOYANG CITY,Hunan,422000,China,N ASIA,4389,3838,86,0
Ningbo Eastex,FINISHED GOODS,Apparel,Nike,Collegiate,NINGBO EASTEX,No 218 Shun Tai Road Zhenhai District,Ningbo,Zhejiang,32151,China,N ASIA,180,153,76,0
"Lijing Regina Miracle Intimate Apparel (Zhaoqing) Co., Ltd",FINISHED GOODS,Apparel,Nike,Collegiate,REGINA MIRACLE,No 16 Keji 2nd Road,Zhaoqing,Guangdong,526071,China,N ASIA,249,221,71,0
"Chang Wong Industrial Co., Ltd.",FINISHED GOODS,Equipment,Nike,,CHANG WONG INDUSTRIAL,No 139 Lane 92 Feng Nan Street Feng  Yuan District,Taichung City,Taichung,420012,Taiwan,N ASIA,30,22,32,27
"The Haddad Apparel Wuxi, Co., LTD",FINISHED GOODS,Apparel,Nike,,HADDAD,Floor 4 No 28 19 Nanhu Center Road,Wuxi,Jiangsu,214125,China,N ASIA,71,48,83,0
Pou Chen Vietnam Enterprise Ltd.,FINISHED GOODS,Footwear,Nike,,POU CHEN,"Nguyen Ai Quoc Street, An Hoa Quarter, Hoa An Ward,",Bien Hoa City,Ðng Nai,76113,Vietnam,SE ASIA,16060,12339,83,0
"A & K Designs, Inc.",FINISHED GOODS,Apparel,Nike,Collegiate,A & K DESIGNS,8564 NE Alderwood Road,Portland,Oregon,97220,USA,AMERICAS,136,125,69,0
Sewing Jonah,FINISHED GOODS,Apparel,Nike,,SEWING JONAH,11 71 8 Chome Chikami Minami Ku,Kumamoto -city,Kumamoto,861 4101,Japan,N ASIA,28,25,100,12
PT Sport Glove Indonesia ,FINISHED GOODS,Equipment,Nike,,PT SPORT,Dusun Krandon Desa Pandowoharjo Sleman Yogyakarta Indonesia,Sleman,Yogyakarta,55512,Indonesia,S ASIA,1659,1423,85,0
"DIN SEN VIETNAM (LONG AN) ENTERPRISE CO., LTD",FINISHED GOODS,Apparel,Nike,Collegiate,EAGLE NICE,69A National Highway 1,Ben Luc,Long An,82651,Vietnam,SE ASIA,2589,1799,88,0
"DONA VICTOR FOOTWEAR CO., LTD",FINISHED GOODS,Footwear,Nike,,FENG TAY,SONG MAY INDUSTRIAL ZONE BAC SON WARD,TRANG BOM DISTRICT,Ðng Nai,76313,Vietnam,SE ASIA,10748,8619,71,0
TKG TAEKWANG MOC BAI JOINT STOCK COMPANY,FINISHED GOODS,Footwear,Nike,,TAEKWANG,Hiep Thanh Commercial Area,Tay Ninh,Tây Ninh,80000,Vietnam,SE ASIA,6522,6369,85,0
"Papillion Textile (Cambodia) Co., Ltd",FINISHED GOODS,Apparel,Nike,,TUNTEX, Vattanak II Industry Park National Road No 3,Phnom Penh,Phnom Penh,12412,Cambodia,SE ASIA,1260,1154,89,0
"Fujian Zhuojian Garment Technology Co., Ltd",FINISHED GOODS,Apparel,Nike,,FUJIAN ZHUOJIAN,Floor5 No4JinlongRoad,Quanzhou,Fujian,362712,China,N ASIA,98,88,58,0
"Hip Keung (Cambodia) Manufacturing Co., Ltd.",FINISHED GOODS,Apparel,Nike,,HIP KEUNG,Preah Khe Village Kahang Commune,Phnom Penh,Kampong Spueu,50802,Cambodia,SE ASIA,895,858,81,1
East Wind Footwear Company Limited (India Branch) - Unit I,FINISHED GOODS,Footwear,Nike,,FENG TAY,Plot No 3D Unit 1 SIPCOT Industrial Park,Chennai,Tamil Nadu,631701,India,S ASIA,4972,4780,63,0
PT Nikomas Gemilang,FINISHED GOODS,Footwear,Nike,,POU CHEN,Jalan Raya Serang KM71 Desa Tambak Kibin,Serang,Banten,42186,Indonesia,S ASIA,23522,19181,84,0
Supertex El Salvador S.A. de C.V.,FINISHED GOODS,Apparel,Nike,,SUPERTEX,Km 76 5 By Pass Norte,Chalchuapa,Santa Ana,02205,El Salvador,AMERICAS,3309,2611,70,0
"JINGNING XUANCHEN TECHNOLOGY CO., LTD.",FINISHED GOODS,Apparel,Nike,,JINGNING XUANCHEN TECHNOLOGY,99 Tuanjie East Road Hongxin Street Jingning County,Lishui,Zhejiang,323500,China,N ASIA,48,43,95,0
"QINGDAO MAITE FITNESS EQUIPMENT CO.,LTD",FINISHED GOODS,Equipment,Nike,,QINGDAO MAITE,500m North of Yangshankuang Village,Qingdao,Shandong,266205,China,N ASIA,17,9,11,0
"Unipax Co., Ltd",FINISHED GOODS,Apparel,Nike,Collegiate,HWASEUNG CROWN,Lot 101 2 and Lot 101 4 Amata Road 3,Bien Hoa City,Ðng Nai,810000,Vietnam,SE ASIA,1999,1534,95,0
PT Victory Chingluh Indonesia,FINISHED GOODS,Footwear,Nike,,CHING LUH,Jl Otonom Pasar Kemis No 48 and 49,Tangerang,Banten,15560,Indonesia,S ASIA,11562,9585,71,0
"Dona Pacific (Vietnam) Co., Ltd.",FINISHED GOODS,Footwear,Nike,,FENG TAY,Song May Industrial Zone Bac Son Ward,Dong Nai,Ðng Nai,76313,Vietnam,SE ASIA,7791,7105,62,0
Ningbo Bell Garment Industrial Co. Ltd,FINISHED GOODS,Apparel,Nike,,NINGBO BELL,No 422 Jianghu Road Jiangbei Investment Zone C,Ningbo,Zhejiang,315033,China,N ASIA,120,98,90,0
Viet Tien Garment Corporation,FINISHED GOODS,Apparel,Nike,Collegiate,SOUTH ISLAND,7 Le Minh Xuan,Ho Chi Minh,Ho Chi Minh,7000,Vietnam,SE ASIA,1548,1392,78,0
PT PRATAMA ABADI INDUSTRI,FINISHED GOODS,Footwear,Nike,,PRATAMA,Jl Sukabumi Cianjur KM14 Sukabumi West Java,Sukabumi,Jawa Barat,43191,Indonesia,S ASIA,17523,15583,84,0
"DONGGUAN RICHWAY HANDBAG CO., LTD.",FINISHED GOODS,Apparel,Nike,,DONGGUAN RICHWAY,Room 101 4 of 13 Lindong 1st Road Lincun Tangxia Town,Dongguan,Guangdong,523711,China,N ASIA,115,100,64,0
"Nanjing 3H Medical Products Co., Ltd.",FINISHED GOODS,Equipment,Nike,,NANJING 3H MEDICAL,No 5 Zhushan Road Gaochun Economic Development Zone,Nanjing ,Jiangsu,211300,China,N ASIA,670,360,60,0
Almaxtex Tekstil Sanayi ve Ticaret A.S.,FINISHED GOODS,Apparel,Nike,Collegiate,YESIM,Karapinar Mah Ankara Yolu Cad,Bursa,Bursa,16580,Turkey,EMEA,2743,1500,44,0
Cygnus Investments S.A. de C.V.,FINISHED GOODS,Apparel,Nike,Collegiate,CYGNUS,Km 30 and a half Carretera al Aeropuerto Internacional,Olocuilta,La Paz,01608,El Salvador,AMERICAS,468,403,52,0
"Walt Technology Group Co., Ltd.",FINISHED GOODS,Apparel,Nike,,ZHEJIANG WALT,48 Shijing Road,Haining,Zhejiang,314400,China,N ASIA,865,392,82,1
"Pinghu Lipai Bags and Luggage Co., Ltd.",FINISHED GOODS,Apparel,Nike,,PINGHU LIPAI,No123 Hehe Road,Pinghu,Zhejiang,314200,China,N ASIA,190,158,92,0
AURORA VIETNAM INDUSTRIAL FOOTWEAR CO. LTD,FINISHED GOODS,Footwear,Converse,,HUALI,THIEN HUONG HAMLET 5 THIEN HUONG WARD,HAI PHONG,Hai Phong,180000,Vietnam,SE ASIA,4919,4335,89,0
RAMATEX INDUSTRIAL SUZHOU LTD,FINISHED GOODS,Apparel,Nike,,RAMATEX,88 SU HONG XI LU SUZHOU INDUSTRIAL PARK,Suzhou,Jiangsu,215021,China,N ASIA,372,320,94,0
DASS NORDESTE CALÇADOS E ARTIGOS ESPORTIVOS LTDA,FINISHED GOODS,Footwear,Nike,,DASS,"RUA JULIO HAUSER, 1640 - BAIRRO 7 DE SETEMBRO",Ivoti,Rio Grande do Sul,93900-000,Brazil,AMERICAS,44,22,86,0
Far Eastern Apparel (Vietnam) Limited,FINISHED GOODS,Apparel,Nike,Collegiate,FAR EASTERN,No 46 Dai Lo Tu Do Vietnam Singapore Industrial Park,Thuan An,Bình Duong,75000,Vietnam,SE ASIA,3879,2902,83,0
Sabrina Cambodia Garment Manufacturing,FINISHED GOODS,Apparel,Nike,Collegiate,SABRINA,National Rd,Samrong Torng District,Otdar Mean Chey,13256,Cambodia,SE ASIA,5887,4211,95,0
Asena 4,FINISHED GOODS,Apparel,Nike,Collegiate,YESIM,LENIN STREET  243a,"KONGAZ,COMRAT",Gagauzia-- Unitate,3815,Moldova,EMEA,670,537,97,0
Interloop Limited Apparel Park,FINISHED GOODS,Equipment,Nike,,INTERLOOP,Bypass Khurrianwala,Faisalabad,Punjab,37630,Pakistan,S ASIA,2273,1945,11,0
Guangzhou Yisetong Clothing Co.Ltd,FINISHED GOODS,Apparel,Nike,,GUANGZHOU YISETONG,Jinshan Industrial Park 8 building 4F,Guangzhou,Guangdong,511400,China,N ASIA,5,4,50,0
Textil H.J.Hering Ltda,FINISHED GOODS,Apparel,Nike,,TEXTIL H.J. HERING,Rua Rio de Janeiro 965  Bairro dos Estados,Indaial,Santa Catarina,89086-723,Brazil,AMERICAS,305,287,78,0
"WUXI BROTHERS PACKAGING CO., LTD ",FINISHED GOODS,Equipment,Nike,,"WUXI BROTHERS PACKAGING CO., LTD",No 88,Wuxi,Jiangsu,214199,China,N ASIA,15,9,89,0
Fairway Enterprises Company Ltd (India Branch) - Unit 1,FINISHED GOODS,Footwear,Nike,,FENG TAY,Plot no G 1B SIPCOT Industrial Park,KRISHNAGIRI,Tamil Nadu,635304,India,S ASIA,4202,4176,60,0
Vertical Knits S.A. de C.V. (MDC - Tizimin),FINISHED GOODS,Apparel,Nike,Collegiate,VERTICAL KNITS,tablaje catastral 2669 SN CP 97702,Tizimin,Yucatán,97702,Mexico,AMERICAS,952,731,65,0
Vertical Knits S.A. de C.V. (MDC - Campeche),FINISHED GOODS,Apparel,Nike,,VERTICAL KNITS,Avenida Baja Velocidad No 108,Colonial Campeche,Campeche,24087,Mexico,AMERICAS,468,372,76,0
YICHANE CO.LTD,FINISHED GOODS,Equipment,Nike,,YICHANE,NO34 LANE 172 CHENGSI ST,Tainan,Tainan,709,Taiwan,N ASIA,27,14,71,0
VIET NAM ARGENT OPTICAL LIMITED COMPANY,FINISHED GOODS,Equipment,Nike,,VIET NAM ARGENT OPTICAL,Lot CN6 Ba Thien Industrial Park Ba Hien Town,Binh Xuyen,Vinh Phúc,15800,Vietnam,SE ASIA,121,90,62,0
Zentrix Huamantla,FINISHED GOODS,Apparel,Nike,,ZENTRIX,Calle Virgen de la Caridad 1,Huamantla,Tlaxcala,90500,Mexico,AMERICAS,1327,1134,70,0
"TKG TAEKWANG INDUSTRY CO., LTD.",FINISHED GOODS,Footwear,Nike,,TAEKWANG,258 9 AN DONG,GIMHAE,Gyeongsangnamdo,62120,South Korea,N ASIA,896,310,61,0
Far Eastern New Apparel (Vietnam) Ltd (MDC),FINISHED GOODS,Apparel,Nike,Collegiate,FAR EASTERN,D1 Street Bac Dong Phu Industrial Park,Binh Phuoc,Ðng Nai,83000,Vietnam,SE ASIA,3530,2530,76,42
"Thai Sock Co., Ltd.",FINISHED GOODS,Equipment,Nike,Collegiate,THAI SOCKS,29 1 Moo 4,Prapradaeng,Samut Prakan,10130,Thailand,SE ASIA,360,279,75,0
Marbelys,FINISHED GOODS,Apparel,Nike,,MARBELYS,4ta Calle Final 4 00 zona 2,San Pedro Sacatepequez,Guatemala,01058,Guatemala,AMERICAS,134,128,57,0
"Fanatics Licensed Sports Group, LLC. - Hoover",FINISHED GOODS,Apparel,Nike,Collegiate,FANATICS,6290 Hoover Blvd,Tampa,Florida,33364,USA,AMERICAS,430,400,69,0
"FASHION GARMENTS MEKONG CO., LTD",FINISHED GOODS,Apparel,Nike,,FASHION GARMENTS,818B Highway 30 Hamlet 3 An Hoa Commune,Tam Nong,Ðng Tháp,870000,Vietnam,SE ASIA,1852,1702,76,0
Hi-Tech Savannakhet Apparel Sole Company Limited,FINISHED GOODS,Apparel,Nike,,HI TECH,Lot 241 242 245 246,Phomvihane,Savannakhét,13000,Laos,SE ASIA,276,204,100,7
"Hi-Tech Chaiyaphum Apparel (2020) Co.,Ltd.",FINISHED GOODS,Apparel,Nike,Collegiate,HI TECH,9 Moo 11 Tambol Naseiw,Muang,Chaiyaphum,36000,Thailand,SE ASIA,1007,739,85,45
"Viet Hong Garment Export Co., Ltd.",FINISHED GOODS,Apparel,Nike,,SOUTH ISLAND,425B Nguyen Dinh Chieu St W 8,Ben Tre,Bn Tre,150513490,Vietnam,SE ASIA,1421,1286,72,0
Longway Vietnam Company Limited,FINISHED GOODS,Equipment,Nike,,LONGWAY,Lot HC1 and Lot 01HC2 Route 3,Duc Hoa,Long An,863900,Vietnam,SE ASIA,806,665,86,1
"MARVEL GARMENT CO.,LTD.",FINISHED GOODS,Apparel,Nike,,SHENZHOU,PPSEZ Beung Thom 3 village,Phnom Penh,Phnom Penh,120909,Cambodia,SE ASIA,18998,17442,95,2
"Asia Caps (Thailand) Co., Ltd.",FINISHED GOODS,Apparel,Nike,,ASIA CAPS,6Anamai Ngamcharoen Road Thakam Bangkhunthien,Bangkok,Bangkok,10150,Thailand,SE ASIA,178,133,93,100
VIMAL CLOTHING ENTERPRISE CC,FINISHED GOODS,Apparel,Nike,,VIMAL CLOTHING,4 Fairways Avenue,Durban,Kwazulu-Natal,4300,South Africa,EMEA,203,195,91,0
TKG TAEKWANG CAN THO COMPANY LIMITED,FINISHED GOODS,Footwear,Nike,,TAEKWANG,Hung Phu 2B Industrial Park Phu Thu ward,Cai Rang,Can Tho,900000,Vietnam,SE ASIA,14672,14277,65,0
GILDAN HOSIERY RIO NANCE S de R.L.,FINISHED GOODS,Equipment,Nike,,GILDAN,ZOLI Gildan Honduras Properties Kilometro 15 and 5 ,Choloma,Cortés,21112,Honduras,AMERICAS,2247,2175,40,0
Ha Thanh Garment Joint Stock Company,FINISHED GOODS,Apparel,Nike,,THUAN PHUONG,Hai An village Nguyen Du commune Hung Yen province,,Hung Yên,160000,Vietnam,SE ASIA,950,878,67,0
COOPERSHOES - COOPERATIVA DE TRABALHO E INDUSTRIA DE CALÇADOS JOANETENSE LTDA (Picada Café),FINISHED GOODS,Footwear,Converse,,COOPERSHOES,Rua Vicente Prieto 3581,Picada Cafe,Rio Grande do Sul,95166-000,Brazil,AMERICAS,685,331,68,0
"QUANG VIET ENTERPRISE CO., LTD",FINISHED GOODS,Apparel,Nike,,QUANG VIET,NGUYEN VAN NI STREET  HAMLET  2,HO CHI MINH,Ho Chi Minh,70000,Vietnam,SE ASIA,4745,4278,91,0
Lotus Footwear Enterprises Limited Unit-2,FINISHED GOODS,Footwear,Nike,,FENG TAY,Plot 3C SIPCOT Industrial Park Mangal Village Mathur post,Near Kanchipuram,Tamil Nadu,631701,India,S ASIA,4969,4940,57,0
Diamant srl #2,FINISHED GOODS,Footwear,Nike,,DIAMANT,Via Giorgio Perlasca 6B,MONTEBELLUNA,Veneto,31044,Italy,EMEA,58,50,80,4
Ripon Athletic,FINISHED GOODS,Apparel,Nike,,RIPON,"290 Junction St, P.O. BOX 25",Berlin,Wisconsin,54923,USA,AMERICAS,140,120,92,0
"Jerash Garments and Fashions Manufacturing Co.Ltd, Al - Hasa Unit ",FINISHED GOODS,Apparel,Converse,,"JERASH GARMENTS & FASHIONS, AL-HASA UNIT APPAREL",398 Al Hasa 1Qa Al Fehaili Al Tafileh,Tafilah,At Tafilah,64610,Jordan,EMEA,474,432,92,8
PT Mitra Garindo Perkasa,FINISHED GOODS,Apparel,Nike,,MAP,JL Pancasila V 21 Cicadas Gunung Putri Bogor,Bogor,Jawa Barat,16964,Indonesia,S ASIA,1089,935,92,0
DOG STYLE SA DE CV,FINISHED GOODS,Equipment,Nike,,DOG STYLE SA,CARRETERA LEON LAGOS DE MORENO NO 2237,LEON GTO,Guanajuato,37690,Mexico,AMERICAS,173,147,56,0
NICE APPAREL COMPANY LIMITED,FINISHED GOODS,Apparel,Nike,Collegiate,NICE APPAREL,2 7 8 slash 1 slash 3 Soi Ngamwongwan 25 slash19,MUANG DISTRICT,Nonthaburi,11000,Thailand,SE ASIA,1144,738,70,46
"Hi-Tech Chai1 Co.,Ltd. ",FINISHED GOODS,Apparel,Nike,Collegiate,HI TECH,999 Moo 3  Tumbol Ladyai   Amphur Muang,Muang,Chaiyaphum,36000,Thailand,SE ASIA,1092,973,67,22
"HI-TECH SURIN APPAREL (2020) CO., LTD (00001)",FINISHED GOODS,Apparel,Nike,Collegiate,HI TECH,489 Moo 7,Thatoom,Surin,32120,Thailand,SE ASIA,778,695,73,0
Quanzhou Unison Light Industrial Manufacturing Co. Ltd.,FINISHED GOODS,Apparel,Nike,,QUANZHOU UNISON LIGHT INDUSTRIAL,LINJIANG INDUSTRIAL PARK,Quanzhou,Fujian,362000,China,N ASIA,82,62,81,0
"EISHIN CO., LTD.",FINISHED GOODS,Equipment,Nike,,CROSTER,43 1,Fukushima,Hukusima,969-0101,Japan,N ASIA,85,77,66,0
PETTENATI,FINISHED GOODS,Apparel,Nike,,PETTENATI,Rod RSC 453 Km 2 4,Caxias Do Sul,Rio Grande do Sul,95010,Brazil,AMERICAS,667,561,98,6
ANIGER CALCADOS SUPRIMENTOS E EMPREENDIMENTOS LTDA,FINISHED GOODS,Footwear,Nike,,ANIGER,"Rua Armindo Eltz, 51 - Quatro Colonias",Campo Bom RS,Rio Grande do Sul,93700-000,Brazil,AMERICAS,441,64,66,3
Ad Dulyal,FINISHED GOODS,Apparel,Nike,,MAS HOLDINGS,Part of land no 1075 Basin 5 Ad Dulayl,Zarqa,Az Zarqa,11183,Jordan,EMEA,1208,1048,84,86
"Lok Wah (Vietnam) Manufacturing Co., Ltd",FINISHED GOODS,Equipment,Nike,,LOK WAH,Land plot no H8 Hoa Xa industrial park My Xa ward,Nam Dinh,Nam Ðnh,07000,Vietnam,SE ASIA,236,194,87,1
"SUNNY JET HOSIERY CO., LIMITED",FINISHED GOODS,Apparel,Nike,,SUNNY JET,NO 9 LONGQUAN ROAD GUANGLING INDUSTRY ZONE,YANGZHOU,Jiangsu,225003,China,N ASIA,263,182,92,0
Dongguan leefong label manufacture co ltd.,FINISHED GOODS,Apparel,Nike,,LEE BOU LABEL ENTERPRISE,NO 9 WUSONG ROAD YUWU COMMUNITY,DONGGUAN,Guangdong,523117,China,N ASIA,475,406,2,0
Styldea SRL,FINISHED GOODS,Footwear,Converse,,STYLDEA,VIA BUSTA  9 3,Altivole,Treviso,31030,Italy,EMEA,7,2,100,0
"AHP APPAREL PVT LTD., UNIT 60",FINISHED GOODS,Apparel,Nike,Collegiate,SHAHI,207 ABDE F KIADB INDUSTRIAL AREA,HASSAN,Karnataka,573201,India,S ASIA,2704,906,95,0
"Shenzhen Allwell Sports Products Manufacturing Co.,Ltd",FINISHED GOODS,Equipment,Nike,,SHENZHEN ALLWELL,1F 2F 3F 4F  ALLWELL Factory,Shenzhen,Guangdong,518115,China,N ASIA,96,56,57,0
VIRTUE KING VIETNAM COMPANY LIMITED,FINISHED GOODS,Equipment,Nike,Collegiate,GUANG DER,No 28 DT743 Road Song Than 2 Industrial Zone,Binh Duong,Bình Duong,72000,Vietnam,SE ASIA,1948,1874,79,0
DASS NORDESTE CALCADOS E ARTIGOS ESPORTIVOS LTDA.,FINISHED GOODS,Apparel,Nike,,CLASSICO,Av Juracy Magalhaes 5200,Vitoria da Conquista,Bahia,45023-490,Brazil,AMERICAS,2415,1480,81,0
Nice Apparel Company Limited Branch Chumphae,FINISHED GOODS,Apparel,Nike,Collegiate,NICE APPAREL,219 Moo 2 Maliwan Road T Non Udom,Chumpae,Khon Kaen,40130,Thailand,SE ASIA,3328,3242,72,0
Shoetown JinTan,FINISHED GOODS,Footwear,Nike,Collegiate,SHOETOWN,Da Wan Gang Village,Qingyuan City,Guangdong,511515,China,N ASIA,874,801,91,0
PT Trigoldenstar Wisesa,FINISHED GOODS,Apparel,Nike,,TRIGOLDENSTAR,Jl Rumambe Desa Anggadita Kec Klari,Karawang,Jawa Barat,41371,Indonesia,S ASIA,132,106,92,0
"Vietnam Dona Standard Footwear Co., Ltd",FINISHED GOODS,Footwear,Nike,,FENG TAY,Xuan Loc Industrial Zone,Xuan Loc District,Ðng Nai,76000,Vietnam,SE ASIA,19155,16962,70,0
