Org_Name,Region_Code,Parent_Group,Audit_Sector,Compliance_Status
"Fjord, Ltd.",USA,TEGRA,FINISHED GOODS,Pass
"KURIM VIETNAM CO., LTD",Vietnam,KURIM,MATERIALS,Pass
"KKN Apparel Co.,ltd",Cambodia,NICE APPAREL,FINISHED GOODS,Pass
Top Summit Garment Inc,Cambodia,SABRINA,FINISHED GOODS,Pass
COOPERSHOES-COOPERATIVA DE TRABALHO E INDUSTRIA DE CALCADOS JOANETENSE LTDA (Morada Nova).,Brazil,COOPERSHOES,FINISHED GOODS,Pass
"HESHENG CO., LTD.",Vietnam,HESHENG,FINISHED GOODS,Pass
"Hi-Tech Viet Nam Apparel Co.,Ltd.",Vietnam,HI TECH,FINISHED GOODS,Pass
"SHCA GARMENT (CAMBODIA) CO., LTD",Cambodia,SHCA GARMENT,FINISHED GOODS,Pass
"Longchuan Somona Footwear Co.,Ltd Wuhua Branch",China,STELLA,FINISHED GOODS - COMPONENTS,Pass
FORMOSA TING SHO ENT CO LTD (TAIWAN),Taiwan,FORMOSA TING SHO,MATERIALS,Pass
B'LAO SPORT COMPANY LIMITED,Vietnam,BLAO SPORT,FINISHED GOODS,Pass
SADESA THAILAND Sena,Thailand,SADESA,MATERIALS,Pass
YSA  MOL,Moldova,YESIM,FINISHED GOODS,Pass
"Long Fa Shoes Industrial Huizhou Co., Ltd.",China,DEAN SHOES,FINISHED GOODS,Pass
C.C. Creations,USA,CC CREATIONS,FINISHED GOODS,Pass
TNG INVESTMENT AND TRADING JSC - DONG HY GARMENT,Vietnam,TNG,FINISHED GOODS,Pass
PT.BERKAH KARYA JAYA SENTOSA,Indonesia,PT.BERKAH KARYA,FINISHED GOODS,Pass
DONGJIN TEXTILE DYEING HOUSE,South Korea,DONGJIN,FINISHED GOODS - COMPONENTS,Pass
"Nan Yang Garment Co., Ltd.",Thailand,NAN YANG,FINISHED GOODS,Pass
ELITE APPARATECH LLC,Vietnam,ELITE APPARATECH,FINISHED GOODS,Pass
PT. Formosa Bag Indonesia,Indonesia,FORMOSA,FINISHED GOODS,Pass
"SNP CO.,LTD.",Vietnam,SPORTS CITY,FINISHED GOODS,Pass
"K-L MFG. CO., INC.",USA,K&L MANUFACTURING,FINISHED GOODS,Pass
"Dongguan Stella Footwear Product Creation Co., LTD.",China,STELLA,FINISHED GOODS,Pass
MAXPORT LIMITED VIET NAM _ NAM DINH BRANCH MAXPORT 06,Vietnam,MAXPORT,FINISHED GOODS,Pass
"Haiyan Golden Gate Socks Industry Co., Ltd",China,HAIYAN,FINISHED GOODS,Pass
Blue Star Graphics,USA,BLUE STAR,FINISHED GOODS,Pass
Germton Development Company Limited,Vietnam,GERMTON DEVELOPMENT,FINISHED GOODS,Pass
"SHAHI EXPORTS PVT LTD, UNIT 37",India,SHAHI,FINISHED GOODS,Pass
PT. POU YUEN INDONESIA,Indonesia,POU CHEN,FINISHED GOODS,Pass
PT. Glorystar Wisesa,Indonesia,GLORYSTAR WISESA,FINISHED GOODS,Pass
Bharath (INDIA),India,BHARATH,FINISHED GOODS - COMPONENTS,Pass
Long Chuan Simona Footwear Co. Ltd,China,STELLA,FINISHED GOODS,Pass
Cassia Garment Company Limited,Thailand,RAMATEX,FINISHED GOODS,Pass
Iruna Comunicacion Textil - SERISUR,Spain,IRUNA,FINISHED GOODS,Pass
Minone Enterprises Co Ltd,Thailand,MINONE,FINISHED GOODS,Pass
MAS FABRICS (PRIVATE) LIMITED – INTIMO DIVISION,Sri Lanka,MAS HOLDINGS,MATERIALS,Pass
TUNTEX SOC TRANG VIETNAM CO.LTD,Vietnam,TUNTEX,FINISHED GOODS,Pass
TEIJIN CORDLEY LTD (TAIWAN OKAHATA CO LTD) (JAPAN),Japan,TEIJIN CORDLEY,MATERIALS,Pass
PT. TKG TAEKWANG INDONESIA,Indonesia,TAEKWANG,FINISHED GOODS,Pass
"Universal Sporting Goods (Thai) Co., Ltd.",Thailand,UNIVERSAL,FINISHED GOODS,Pass
"VIETNAM CHINGLUH SHOES CO.,LTD - VINH LONG BRANCH II",Vietnam,CHING LUH,FINISHED GOODS,Pass
"M.I.I.T. CO., LTD",Thailand,M.I.I.T. CO,FINISHED GOODS,Pass
M S STYLE TEXTILE (PVT.) LIMITED (SUNDER) - unit VI,Pakistan,STYLE TEXTILE,FINISHED GOODS,Pass
ARTFX INC.,USA,TEGRA,FINISHED GOODS,Pass
VIET THINH GARMENT JOINT STOCK COMPANY,Vietnam,SOUTH ISLAND,FINISHED GOODS,Pass
"MING YANG INDUSTRY (CAMBODIA) CO., LTD",Cambodia,MINGYANG,FINISHED GOODS,Pass
PT. Feng Tay Indonesia Enterprises,Indonesia,FENG TAY,FINISHED GOODS,Pass
"Nantong Golden Yuelai Gym Equipment Co., Ltd",China,NANTONG GOLDEN,FINISHED GOODS,Pass
"Haivina Co., Ltd.",Vietnam,HAIVINA,FINISHED GOODS,Pass
Hoosier Manufacturing - HM4,Guatemala,INDIANA KNITWEAR,FINISHED GOODS,Pass
"FASHION GARMENTS 2 CO., LTD. - TAN PHU BRANCH",Vietnam,FASHION GARMENTS,FINISHED GOODS,Pass
ANNIC II S.A.,Nicaragua,GILDAN,FINISHED GOODS,Pass
"FASHION GARMENTS 2 CO., LTD",Vietnam,HIRDARAMANI,FINISHED GOODS,Pass
PT. Grand Best Indonesia,Indonesia,TUNTEX,FINISHED GOODS,Pass
"ENPING E-MART ENTERPRISE CO., LTD.,",China,COSMOPOLITAN TEXTILE,MATERIALS,Pass
Chang Tai Song Lin Woven Belt Co. LTD,China,CHI YANG RIBBON,MATERIALS,Pass
SHAN BEEN JEOU INDUSTRIAL CO LTD (TAIWAN),Taiwan,SHAN BEEN,MATERIALS,Pass
"YKK VIETNAM CO., LTD",Vietnam,YKK,MATERIALS,Pass
"Qingdao Qien Sporting Goods Co.,Ltd",China,QINGDAO QIEN,FINISHED GOODS,Pass
"YieChang Industrial Co., Ltd.",Taiwan,YIECHONG,FINISHED GOODS,Pass
GOLD LONG JOHN (INDONESIA),Indonesia,GOLD LONG JOHN,FINISHED GOODS - COMPONENTS,Pass
Skytex Mexico S.A de C.V.,Mexico,SABRINA,MATERIALS,Pass
PT. Gelindo Garmentama,Indonesia,EAGLE NICE,FINISHED GOODS,Pass
RS/Tupa Ind. De Plastico Ltda,Brazil,RS TUPA INDUSTRIA DE PLASTICOS,FINISHED GOODS - COMPONENTS,Pass
"Chuzhou Korrun Future Luggage Products Co., Ltd",China,FORMOSA,FINISHED GOODS,Pass
"Pro Kingtex Vietnam Co., Ltd",Vietnam,EAGLE NICE,FINISHED GOODS,Pass
Nan Yang Garment,Thailand,NAN YANG,FINISHED GOODS,Pass
PT Batang Apparel Indonesia,Indonesia,ONTIDE,FINISHED GOODS,Pass
BAIKSAN (CHINA),China,BAIKSAN,MATERIALS,Pass
R. A. INTERTRADING S. A.,Argentina,RA INTERTRADING,FINISHED GOODS,Pass
Fairway Enterprises Company Limited (India Branch) -  Unit 2,India,FENG TAY,FINISHED GOODS,Pass
TKG TAEKWANG VINA JOINT STOCK COMPANY BRANCH 2,Vietnam,TAEKWANG,FINISHED GOODS,Pass
PMI Joinease plastic & metal products,China,PMI JOINEASE,FINISHED GOODS,Pass
TKG ECO MATERIAL SYNTHETIC (VIETNAM),Vietnam,TKG ECO MATERIAL,MATERIALS,Pass
"LI CHENG ENTERPRISE VIET NAM CO., LTD",Vietnam,LI CHENG ENTERPRISE,FINISHED GOODS - COMPONENTS,Pass
Ningbo Shenzhou Knitting Co. Ltd,China,SHENZHOU,FINISHED GOODS,Pass
Southern Apparel Contractors S.A. The Arena,Honduras,TEGRA,FINISHED GOODS,Pass
"JIAXING KANAAN BAG R&D CO.,LTD",China,KANAAN,FINISHED GOODS,Pass
GB LIGHT CO LTD,South Korea,GB LIGHT,MATERIALS,Pass
"AROMA SUCCESS GARMENT CO., LTD",Cambodia,SABRINA,FINISHED GOODS,Pass
"NB Apparel Co., Ltd",Thailand,NICE APPAREL,FINISHED GOODS,Pass
RJ Liebe Athletic Lettering Co.,USA,RJ LIEBE ATHLETIC LETTERING,FINISHED GOODS,Pass
Redwall,USA,REDWALL,FINISHED GOODS,Pass
Ortholite India Pvt Ltd.,India,ORTHOLITE,FINISHED GOODS - COMPONENTS,Pass
"JiangSu HongBao Sporting Goods Co., Ltd.",China,YEGIN,FINISHED GOODS,Pass
SAMBU FINE CHEMICAL CO LTD (VIETNAM),Vietnam,SAMBU FINE CHEMICAL,FINISHED GOODS - COMPONENTS,Pass
"Jiangsu Asian Sourcing Headwear MFG. CO., Ltd",China,ASIAN SOURCING HEADWEAR,FINISHED GOODS,Pass
Regent Garment Factory Limited - Business location- Regent 2,Vietnam,CRYSTAL,FINISHED GOODS,Pass
MAS KREEDA  Vaanavil ,Sri Lanka,MAS HOLDINGS,FINISHED GOODS,Pass
AHP APPARELS PVT.LTD. UNIT 61,India,SHAHI,FINISHED GOODS,Pass
PT Lucky Textile Semarang Demak,Indonesia,TUNTEX,FINISHED GOODS,Pass
HUBEI TOP EAGLE GARMENT LTD.,China,NICE APPAREL,FINISHED GOODS,Pass
Style Textile (Pvt) Limited (QIE),Pakistan,STYLE TEXTILE,FINISHED GOODS,Pass
SHINTA WOOSUNG PT (INDONESIA),Indonesia,SHINTA WOOSUNG,MATERIALS,Pass
LELABPLUS,France,LELAB,FINISHED GOODS,Pass
"DONGGUAN JINGSHENG GARMENTS CO.,LTD",China,CRYSTAL,FINISHED GOODS,Pass
SP Apparel Inc.,Canada,SP APPAREL,FINISHED GOODS,Pass
You Young,South Korea,YOU YOUNG,FINISHED GOODS - COMPONENTS,Pass
"JOOWON VINA CO., LTD.",Vietnam,JOOWON TECH,MATERIALS,Pass
ADORA FOOTWEAR LIMITED,Vietnam,HUALI,FINISHED GOODS,Pass
League Optical(Zhongshan) Workshop Limited,China,ARTS OPTICAL,FINISHED GOODS,Pass
"Nanjing Guotai Shengyang Garment Co.,Ltd.",China,NANJING GUOTAI SHENGYANG,FINISHED GOODS,Pass
"Oregon Screen Impressions, Inc.",USA,OREGON SCREEN IMPRESSIONS,FINISHED GOODS,Pass
"SHENZHEN PENGYIFA INDUSTRIAL CO, LTD",China,SHENZHEN PENGYIFA,FINISHED GOODS,Pass
"ZheJiang Clis Fashion Co., Ltd.",China,ZHEJIANG XIANCHEN IMPORT AND EXPORT,FINISHED GOODS,Pass
TNG Investment and Trading JSC - Dai Tu Garment Branch,Vietnam,TNG,FINISHED GOODS,Pass
HUAFENG HAPTIC,China,HUA FENG TEXTILE,FINISHED GOODS - COMPONENTS,Pass
SPRINGFEEL POLYURETHANE FOAMS PVT LTD,India,SPRINGFEEL POLYURETHANE,MATERIALS,Pass
"Zao Zhuang RuiXing Shoes Co., Ltd",China,CHANGSHIN,FINISHED GOODS,Pass
ORTHOLITE VIETNAM CO LTD (VIETNAM),Vietnam,ORTHOLITE,MATERIALS,Pass
TRIMCO GROUP (ZHEJIANG) CO LTD,China,TRIMCO GROUP,FINISHED GOODS - COMPONENTS,Pass
"HI-TECH APPAREL CO.,LTD. (SUPANBURI BRANCH)",Thailand,HI TECH,FINISHED GOODS,Pass
"YongZhou Kaixiang Shoetown Footwear Co., Ltd. NOT A FINISHED GOODS FACILITY",China,SHOETOWN,FINISHED GOODS - COMPONENTS,Pass
Sarasavi Exports (Pvt) Ltd,Sri Lanka,SARASAVI,FINISHED GOODS,Pass
Blue Ridge Designs LLC,USA,BLUE RIDGE DESIGNS,FINISHED GOODS,Pass
"Brandix Apparel Solutions (Pvt) Limited – Essentials, Batticaloa",Sri Lanka,BRANDIX ASIA HOLDINGS,FINISHED GOODS,Pass
FOOTMARK CAMBODIA CORPORATION,Cambodia,FOOTMARK,FINISHED GOODS,Pass
WEILINA VIET NAM FOOTWEAR COMPANY LIMITED,Vietnam,HUALI,FINISHED GOODS,Pass
SEYANG CORPORATION VIETNAM,Vietnam,SEYANG,FINISHED GOODS,Pass
"SeoHeung Co., Ltd. (3D Printer Center)",South Korea,SEOHEUNG,MATERIALS,Pass
Fanatics Licensed Sports Group,USA,FANATICS,FINISHED GOODS,Pass
"All Wells International Co., Ltd.",Vietnam,SPORTS GEAR,FINISHED GOODS,Pass
Germton Industrial Company Ltd.,Vietnam,GERMTON,FINISHED GOODS,Pass
Fashion Garments Company Limited,Vietnam,FASHION GARMENTS,FINISHED GOODS,Pass
"HI TECH APPAREL CO LTD, BRANCH 70",Thailand,HI TECH,FINISHED GOODS,Pass
Tiong Liong Vietnam (VIETNAM ZHONGJU INDUSTRIAL COMPANY LIMITED),Vietnam,TIONG LIONG GROUP,MATERIALS,Pass
CHI YANG RIBBON,Taiwan,CHI YANG RIBBON,FINISHED GOODS - COMPONENTS,Pass
HUNG LONG GARMENT AND SERVICE JOINT STOCK COMPANY,Vietnam,HUNG LONG GARMENT,FINISHED GOODS,Pass
"Nantong Nafung Gym Equipment Co.,Ltd",China,NANTONG NAFUNG,FINISHED GOODS,Pass
Viet Duc Garment Branch - TNG Investment and Trading JSC,Vietnam,TNG,FINISHED GOODS,Pass
MAXIM LABEL & PACKAGING (INDIA) PVT LTD,India,MAXIM,MATERIALS,Pass
Trischel Fabric (PVT) Ltd,Sri Lanka,MAS HOLDINGS,MATERIALS,Pass
STRETCHLINE,Sri Lanka,STRETCHLINE,MATERIALS,Pass
"Yegin Industry (Vietnam) Co., Ltd",Vietnam,YEGIN,FINISHED GOODS,Pass
"ECLAT TEXTILE CO., LTD. - DA YUAN FACTORY",Taiwan,ECLAT,FINISHED GOODS - COMPONENTS,Pass
"Brandix Apparel India Pvt Ltd, Unit-2",India,BRANDIX ASIA HOLDINGS,FINISHED GOODS,Pass
Tai Wah Garments Industry Sdn Bhd Kulai Jaya,Malaysia,RAMATEX,FINISHED GOODS,Pass
Vietnam Pou Sung Co. Ltd.,Vietnam,POU CHEN,FINISHED GOODS,Pass
DASS ELDORADO SRL,Argentina,DASS,FINISHED GOODS,Pass
PT KMK Global Sports / K1,Indonesia,KMK,FINISHED GOODS,Pass
"JOV GARMENT ACCESSORIAL MATERIAL CO., LTD",China,JOV GARMENT ACCESSORIAL MATERIAL,MATERIALS,Pass
"Kunshan Sabrina Clothes-Making  Co., Ltd.",China,SABRINA,FINISHED GOODS,Pass
Celeritas Manufacturing S.A. de C.V.,El Salvador,CELERITAS MANUFACTURING S.A. DE C.V.,FINISHED GOODS,Pass
HONSIN APPAREL SDN. BHD.,Malaysia,HONSIN,FINISHED GOODS,Pass
MAS KREEDA Balangoda ,Sri Lanka,MAS HOLDINGS,FINISHED GOODS,Pass
Dewhirst Cambodia,Cambodia,CASTLECRAFTS,FINISHED GOODS,Pass
Jade Textile Cairo,Egypt,YESIM,FINISHED GOODS,Pass
"Zhuji Hengtai Knitting & Textile Co., Ltd.",China,DELTA,FINISHED GOODS,Pass
EAGLE NICE JINGMEN GARMENTS CO LTD,China,EAGLE NICE,FINISHED GOODS,Pass
PT SELALU CINTA INDONESIA,Indonesia,KMK,FINISHED GOODS,Pass
W.S. Calcados Ltda.,Brazil,W.S CALCADOS,FINISHED GOODS,Pass
"Summitex Enterprise Co., Ltd",Taiwan,YAW LIAMY,MATERIALS,Pass
"E-Top (Vietnam) Co.,Ltd",Vietnam,ECLAT,FINISHED GOODS,Pass
Delta Alfa Corap Ve Tekstil Sanayi Tic Ltd Sti,Turkey,DELTA EQ GROUP,FINISHED GOODS,Pass
Zhuji Hengan Socks Co Ltd,China,HENGTAI,FINISHED GOODS,Pass
"FREETREND INDUSTRIAL (VIETNAM) CO., LTD",Vietnam,DEAN SHOES,FINISHED GOODS,Pass
Hi-Tech Apparel Co. Ltd.,Thailand,HI TECH,FINISHED GOODS,Pass
SHAHI EXPORTS PVT LTD,India,SHAHI,MATERIALS,Pass
"B & D Lingerie Viet Nam Co., Ltd",Vietnam,DELTA,FINISHED GOODS,Pass
"Qingdao Licheng Health Technology Co., Ltd.",China,QINGDAO LICHENG,FINISHED GOODS,Pass
NINGBO SHENZHOU KNITTING CO. LTD. (PRINTING MILL & MC),China,SHENZHOU,FINISHED GOODS,Pass
ISA INDUSTRIAL CO LTD (HESHAN) (CHINA),China,ISA,MATERIALS,Pass
"Robinson Manufacturing Company, Dayton",USA,ROBINSON,FINISHED GOODS,Pass
"DONGJIN TEXTILE VINA Co., Ltd ",Vietnam,DONGJIN,MATERIALS,Pass
Dah Jeng Embroidery,Taiwan,EMBLEM SOURCE,FINISHED GOODS,Pass
PAIHO (VIETNAM),Vietnam,PAIHO GROUP,MATERIALS,Pass
Tower Garments (London) Ltd,United Kingdom,TOWER GARMENTS,FINISHED GOODS,Pass
RIETVELD SERIGRAFIE BV,Netherlands,RIETVELD,FINISHED GOODS,Pass
PRIME ASIA (CHINA),China,PRIME ASIA,MATERIALS,Pass
ChangShin Inc.,South Korea,CHANGSHIN,FINISHED GOODS,Pass
"Yantai NE Apparel CO.,LTD",China,NICE APPAREL,FINISHED GOODS,Pass
Beijing Our Clothing and Apparel Ltd,China,BEIJING CLOTHING,FINISHED GOODS,Pass
BAIKSAN (VIETNAM),Vietnam,BAIKSAN,MATERIALS,Pass
Jay Jay Mills Lanka (Pvt) Ltd - Expansion Unit T01,Sri Lanka,JAY JAY MILLS,FINISHED GOODS,Pass
Evergreen Apparel Mfg.,USA,YY & ASSOCIATES,FINISHED GOODS,Pass
"FORMOSA TAFFETA DONG NAI CO., LTD.",Vietnam,FORMOSA TAFFETA,MATERIALS,Pass
SFO Apparel Inc. (Sewing & Cutting),USA,SFO APPAREL,FINISHED GOODS,Pass
YKK Taiwan Chung Li 2nd Factory,Taiwan,YKK,MATERIALS,Pass
"Longhui Stella Footwear Co., Ltd",China,STELLA,FINISHED GOODS - COMPONENTS,Pass
WILL DER,Argentina,DER WILL,FINISHED GOODS,Pass
Huaian Yuantong Headwear Mfg Co Ltd,China,ASIAN SOURCING HEADWEAR,FINISHED GOODS,Pass
BODYLINE PVT LIMITED,Sri Lanka,MAS HOLDINGS,FINISHED GOODS,Pass
BUSINESS LOCATION IN VUNG LIEM - TY XUAN COMPANY LIMITED,Vietnam,LAI YIH,FINISHED GOODS,Pass
Milteks Tekstil Sanayi ve Ticaret A S,Turkey,MILTEKS,FINISHED GOODS,Pass
SUPER KNITTING CAMBODIA,Cambodia,SUPER KNITTING,FINISHED GOODS,Pass
FITA TEKSTIL KONF.LTD.STI,Turkey,YESIM,FINISHED GOODS,Pass
PT. CHING LUH INDONESIA,Indonesia,CHING LUH,FINISHED GOODS,Pass
"DONG SHIN VINA CO.,LTD",Vietnam,DONG SHIN GLOBAL MARKETING TECHNOLOGY,FINISHED GOODS,Pass
"G&G Outfitters, Inc.",USA,G AND G OUTFITTERS,FINISHED GOODS,Pass
"Xiamen Expanding Industrial Co., Ltd",China,HADDAD,FINISHED GOODS,Pass
"Zhijie Footwear Technical Service (Zhongshan) CO.,Ltd",China,HUALI,FINISHED GOODS,Pass
Phu Hung Joint Stock Company,Vietnam,PHU HUNG,FINISHED GOODS,Pass
"VINH LONG FOOTWEAR CO., LTD.",Vietnam,LAI YIH,FINISHED GOODS,Pass
"SI HAN MANUFACTURING CO.,LTD.",China,SI HAN,FINISHED GOODS,Pass
Brandix Apparel Solutions (PVT) LTD,Sri Lanka,BRANDIX SOLUTIONS,FINISHED GOODS,Pass
PT PAXAR INDONESIA (AVERY DENNISON GROUP),Indonesia,AVERY DENNISON,MATERIALS,Pass
CONG TIEN GARMENT JOINT STOCK COMPANY,Vietnam,SOUTH ISLAND,FINISHED GOODS,Pass
"KITAI CO., LTD",Japan,KITAI,FINISHED GOODS,Pass
Ramatex Printing Garment (Suzhou) Ltd,China,RAMATEX,MATERIALS,Pass
PT.WONEEL MIDAS LEATHERS,Indonesia,PT. WONEEL MIDAS LEATHERS,FINISHED GOODS,Pass
DAERIM TEXTILE CO LTD (KOREA),South Korea,DAERIM TEXTILE,MATERIALS,Pass
"Taichung Shuihing Label Weaving Co., Ltd.",Taiwan,AVERY DENNISON,FINISHED GOODS - COMPONENTS,Pass
PT Tong Hong Tannery,Indonesia,TONG HONG,MATERIALS,Pass
"Yuan Ling Knitting Industrial CO., LTD.",Taiwan,YUAN LING,MATERIALS,Pass
"Fashion Garments 2 Co., Ltd - Xuan Tay",Vietnam,HIRDARAMANI,FINISHED GOODS,Pass
"Fujian Xingxun New Materials Technology Co., Ltd.",China,"FUJIAN XINGXUN NEW MATERIALS TECHNOLOGY CO., LTD.",FINISHED GOODS - COMPONENTS,Pass
"Vung Tau Orient Co., Ltd - unit 02",Vietnam,FENG TAY AC,FINISHED GOODS,Pass
NICE APPAREL COMPANY LIMITED,Thailand,NICE APPAREL,FINISHED GOODS,Pass
PT Chang Shin Indonesia,Indonesia,CHANGSHIN,FINISHED GOODS,Pass
Branch of Thuan Phuong Embroideries Garments Company Limited - Thuan Phuong Long An Factory,Vietnam,THUAN PHUONG,FINISHED GOODS,Pass
"JIANGSU NINGSHENG GARMENT CO.,LTD   ",China,JIANGSU NINGSHENG GARMENT,FINISHED GOODS,Pass
GILDAN TEXTILES DE SULA S DE R L RIO NANCE 6,Honduras,GILDAN,MATERIALS,Pass
BUTTON INTERNATIONAL CO LTD (TAIWAN),Taiwan,BUTTON INTERNATIONAL,MATERIALS,Pass
PROMAX TEXTILE (VIETNAM) CO. LTD – FTY3,Vietnam,PROMAX TEXTILE,MATERIALS,Pass
"Worldon Vietnam Co., Ltd.",Vietnam,SHENZHOU,FINISHED GOODS,Pass
"HUIZHOU YANGMING INDUSTRIAL CO., LTD.",China,PT MAP,FINISHED GOODS,Pass
Shanghai Shengaoyu Costume Ltd.,China,SHANGHAI SHENGAOYU,FINISHED GOODS,Pass
Jade textile Ismailia S.A.E,Egypt,YESIM,FINISHED GOODS,Pass
"Thuan Phuong Embroideries Garments Co., Ltd.",Vietnam,THUAN PHUONG,FINISHED GOODS,Pass
FAR EASTERN,Taiwan,FAR EASTERN,MATERIALS,Pass
Eren Perakende ve Tekstil AS (Corlu),Turkey,EREN PERAKENDE,FINISHED GOODS,Pass
PT Dayup Indo,Indonesia,DAYUP,FINISHED GOODS,Pass
Marchon Italia Srl a SU,Italy,MARCHON,FINISHED GOODS,Pass
"Hi-Tech Apparel Cambodia Co., Ltd.",Cambodia,HI TECH,FINISHED GOODS,Pass
NV Apparel Company Limited,Vietnam,NICE APPAREL,FINISHED GOODS,Pass
"ECLAT FABRIC CO., LTD.",Vietnam,ECLAT,MATERIALS,Pass
"COSMO VIETNAM CO.,LTD",Vietnam,COSMOPOLITAN TEXTILE,MATERIALS,Pass
UN-AVAILABLE CO. LTD,Vietnam,UN AVAILABLE,FINISHED GOODS,Pass
PETTENATI CENTRO AMERICA S.A. DE C.V.,El Salvador,PETTENATI,MATERIALS,Pass
VEGA BALLS MANUFACTURING,Thailand,VEGA BALL,FINISHED GOODS,Pass
MAPLE COMPANY LIMITED,Vietnam,RAMATEX,FINISHED GOODS,Pass
"Hoosier Manufacturing, Compania Limitada",Guatemala,INDIANA KNITWEAR,FINISHED GOODS,Pass
TAG TIME,China,TAG TIME,FINISHED GOODS - COMPONENTS,Pass
STANWELL-EXPAN CO. LTD,Taiwan,STANWELL-EXPAN,FINISHED GOODS - COMPONENTS,Pass
ShangGao Yisen Industry Co. Ltd.,China,POU CHEN,FINISHED GOODS,Pass
99 Embroidery (1999) Co.Ltd. (Chumphae branch),Thailand,NICE APPAREL,FINISHED GOODS - COMPONENTS,Pass
SAMBU FINE CHEMICAL CO LTD (INDONESIA),Indonesia,SAMBU FINE CHEMICAL,FINISHED GOODS - COMPONENTS,Pass
"Yumei Shantou Garments Co., Ltd",China,EAGLE NICE,FINISHED GOODS,Pass
GOLD LONG JOHN (TR1) (TAIWAN),Taiwan,GOLD LONG JOHN,FINISHED GOODS - COMPONENTS,Pass
"LUCKYTEX SOC TRANG VIETNAM CO., LTD",Vietnam,TUNTEX,FINISHED GOODS,Pass
"Zhangjiagang New HuaYuan Accessones Co., Ltd",China,HUAYUAN ACCESSORIES,FINISHED GOODS,Pass
Style Raiwind,Pakistan,STYLE TEXTILE,FINISHED GOODS,Pass
TKG TAEKWNG BINH PHUOC COMPANY LIMITED,Vietnam,TAEKWANG,FINISHED GOODS - COMPONENTS,Pass
Pine Tree Company for Textile Manufacturing PSC,Jordan,RAMATEX,FINISHED GOODS,Pass
YOUNGIL (VIETNAM),Vietnam,YOUNGIL LEATHER,MATERIALS,Pass
"ACE Accessories Co., Ltd.",Taiwan,ACE ACCESSORIES,FINISHED GOODS,Pass
SELF MAGLIERIA SRL,Italy,SELF MAGLIERIA,FINISHED GOODS,Pass
Shao Yang County SteIIa Footwear LTD ,China,STELLA,FINISHED GOODS,Pass
"Zhangpu Hengxin Bags Co., Ltd",China,ZHANGPU HENGXIN,FINISHED GOODS,Pass
"Fujian San Feng Footwear Co.,Ltd",China,FENG TAY,FINISHED GOODS,Pass
"Brandix Apparel Solutions (Pvt) Limited – Essentials, Koggala",Sri Lanka,BRANDIX ASIA HOLDINGS,FINISHED GOODS,Pass
"Song Hong Garment JSC - Nghia Hung Branch: Factory 15,16,17,18",Vietnam,SONG HONG,FINISHED GOODS,Pass
"FOSHAN COSMO HUAZHOU TEXTILE CO.,LTD.",China,COSMOPOLITAN TEXTILE,MATERIALS,Pass
TORAY SAKAI CO. LTD.,China,TORAY,MATERIALS,Pass
Maxturn Apparel Company Limited,Vietnam,MAXTURN APPAREL,FINISHED GOODS,Pass
PT. AGUNG PELITA INDUSTRINDO,Indonesia,PRATAMA,FINISHED GOODS - COMPONENTS,Pass
HAYLEYS FABRIC PLC ,Sri Lanka,MAS HOLDINGS,MATERIALS,Pass
United Creation Optical (Cambodia) Co. Ltd.,Cambodia,UNITED CREATION,FINISHED GOODS,Pass
ANHUI COSMO SPORTING GOODS COMPANY LIMITED,China,ANHUI COSMO,FINISHED GOODS,Pass
"Dongguan Ye Ji Industrial Co., Ltd.",China,CRYSTAL,FINISHED GOODS,Pass
TRIMCO GROUP (INDIA) PVT LTD,India,TRIMCO GROUP,FINISHED GOODS - COMPONENTS,Pass
"TMVN MANUFACTURING CO.,LTD.",Vietnam,TP INC,FINISHED GOODS,Pass
"NAN YANG GARMENT CO., LTD.",Thailand,NAN YANG,FINISHED GOODS,Pass
BAIKSAN (TR1) (INDONESIA),Indonesia,BAIKSAN,MATERIALS,Pass
Maxpro Sports Manufacturing Inc.,Philippines,MAXPRO,FINISHED GOODS,Pass
Hoosier Manufacturing,Guatemala,INDIANA KNITWEAR,FINISHED GOODS,Pass
"United Creation Optical Technology Co., Ltd",China,UNITED CREATION,FINISHED GOODS,Pass
Business Location of MDK Embroideries Garments Company Limited - Binh Chanh Factory,Vietnam,THUAN PHUONG,FINISHED GOODS,Pass
MILTEKS TEXTILE EGYPT,Egypt,MILTEKS,FINISHED GOODS,Pass
Dong Guan New Prosperity Optical Mfy Ltd. Chang An Branch,China,SUN HING OPTICAL,FINISHED GOODS,Pass
"Wenzhou Outlook Eyewear Co., Ltd",China,WENZHOU OUTLOOK,FINISHED GOODS,Pass
Gold Long John (Vietnam 2nd location),Vietnam,GOLD LONG JOHN,FINISHED GOODS - COMPONENTS,Pass
"CHUAN CHENG HAT CO., LTD.",Taiwan,CHUAN CHENG,FINISHED GOODS,Pass
Ajara Textile Ltd (Bobokvati),Georgia,MILTEKS,FINISHED GOODS,Pass
"Fulltide Enterprise Co., Ltd.",Taiwan,FULL TIDE,MATERIALS,Pass
Skyrina.SA de C.V,Mexico,SABRINA,FINISHED GOODS,Pass
LEADING STAR THANH HOA GARMENT COMPANY LIMITED,Vietnam,LEADING STAR,FINISHED GOODS,Pass
"H&L APPAREL(VIETNAM) CO.,LTD",Vietnam,H&L,FINISHED GOODS,Pass
PT Rodeo Prima Jaya,Indonesia,PRIMA,FINISHED GOODS,Pass
Eren Perakende ve Tekstil AS (Misinli),Turkey,EREN PERAKENDE,FINISHED GOODS,Pass
Hirdaramani Fashions (Pvt) Ltd - Vavuniya,Sri Lanka,HIRDARAMANI FASHIONS (PVT) LTD VAVUNIYA,FINISHED GOODS,Pass
YKK INDIA PVT. LTD. ,India,YKK,FINISHED GOODS - COMPONENTS,Pass
FUQING TIONGLIONG XINYE SHOES MATERIAL CO LTD,China,TIONG LIONG GROUP,MATERIALS,Pass
"NINGBO MITSUBANA APPERAL CO., LTD",China,NINGBO MITSUBANA,FINISHED GOODS,Pass
"TRANSFER TECH CO., LTD",Thailand,TRANSFER TECH CO LTD,FINISHED GOODS - COMPONENTS,Pass
Far Eastern Apparal Suzhou Ltd. Co,China,FAR EASTERN,FINISHED GOODS,Pass
OUTLOOK INTERNATIONAL GROUP (VIETNAM) COMPANY LIMITED,Vietnam,WENZHOU OUTLOOK,FINISHED GOODS,Pass
TAYIN R&D CO LTD (CHINA),China,TAYIN,MATERIALS,Pass
"Qingdao Changshin Shoes Co., Ltd.",China,CHANGSHIN,FINISHED GOODS,Pass
"MANUFACTURE OF ARTISTIC BELT & ACCESSORIES CO., LTD.",Vietnam,ARTISTIC BELT AND ACCESSORIES,FINISHED GOODS,Pass
"Regina Miracle International Vietnam Co., Ltd",Vietnam,REGINA MIRACLE,FINISHED GOODS,Pass
MAXIM IMPRESSION LANKA (PVT) LTD,Sri Lanka,MAXIM,MATERIALS,Pass
PT Adis Dimension Footwear,Indonesia,SHOETOWN,FINISHED GOODS,Pass
"Gifted Hosiery (Cambodia) Co., Ltd.",Cambodia,ZHEJIANG WALT,FINISHED GOODS,Pass
"Worldon Vietnam Co., Ltd. (Flyknit)",Vietnam,SHENZHOU,FINISHED GOODS - COMPONENTS,Pass
Song Lin Garment Sdn Bhd,Malaysia,RAMATEX,FINISHED GOODS,Pass
"ECLAT TEXTILE CO., LTD. (VIETNAM)",Vietnam,ECLAT,FINISHED GOODS,Pass
Delta Galil Industries LTD Egypt,Egypt,DELTA EQ GROUP,FINISHED GOODS,Pass
"Acode Sporting Goods Co., Ltd.",Vietnam,EXCELLENCE SPORTING GOODS,FINISHED GOODS,Pass
PT. Shinjin Tex Indonesia,Indonesia,SHIN JIN TEXTILE,FINISHED GOODS - COMPONENTS,Pass
Sheyang Zhixiang Knitting Clothing Factory,China,ZHIXIANG KNITTING FACTORY,FINISHED GOODS,Pass
"Delta Galil Vietnam Co., Ltd",Vietnam,DELTA EQ GROUP,FINISHED GOODS,Pass
Augusta Sportswear de Mexico S. de R.L. de C.V.,Mexico,MOMENTEC,FINISHED GOODS,Pass
Quanzhou  Fengze Yisheng Leather Co,China,GRUPO MEXICO,FINISHED GOODS,Pass
UAB Haltex,Lithuania,UAB HALTEX,FINISHED GOODS,Pass
Paxar Packaging Guangzhou Ltd.,China,AVERY DENNISON,MATERIALS,Pass
PT. Tayin Footwear Indonesia,Indonesia,TAYIN,FINISHED GOODS - COMPONENTS,Pass
"MDK Embroideries Garments Co., Ltd",Vietnam,THUAN PHUONG,FINISHED GOODS,Pass
Jinadasa Bennett (Pvt) Ltd. Mawathagama,Sri Lanka,FOUNDATION GARMENTS,FINISHED GOODS,Pass
"SIGMA VIETNAM INDUSTRIAL CO.,LTD",Vietnam,SIGMA,FINISHED GOODS,Pass
PAIHO (WUXI 1),China,PAIHO GROUP,MATERIALS,Pass
PT Mercindo Global Manufaktur,Indonesia,MERCINDO,FINISHED GOODS,Pass
Wan Way,Taiwan,WAN WAY,FINISHED GOODS,Pass
"Colltex Garment Mfy Co., Ltd.(VN)",Vietnam,ECLAT,FINISHED GOODS,Pass
Far Eastern Dyeing & Finishing (SuZhou) LTD,China,FAR EASTERN,MATERIALS,Pass
SHAHI EXPORTS PVT LTD UNIT 26,India,SHAHI,FINISHED GOODS,Pass
PT Shoetown Kasokandel Indonesia,Indonesia,SHOETOWN,FINISHED GOODS - COMPONENTS,Pass
Honways Apparel Shuyang Limited,China,HONSIN,FINISHED GOODS,Pass
"Weifang Aoxiang Sports Products Co., Ltd",China,WEIFANG AOXIANG SPORTS,FINISHED GOODS,Pass
"COSMO TEXTILE CO.,LTD(ZHONGSHAN)",China,COSMOPOLITAN TEXTILE,MATERIALS,Pass
"Unichela (Pvt)Ltd, Vidiyal Division",Sri Lanka,MAS HOLDINGS,FINISHED GOODS,Pass
SAMIL TEXTILE CO LTD (Korea),South Korea,SAMIL,MATERIALS,Pass
"TIANCHEN (CAMBODIA) LUGGAGE CO., LTD.",Cambodia,HIP KEUNG,FINISHED GOODS,Pass
RJ Liebe Athletic Lettering Co. (Downtown),USA,RJ LIEBE ATHLETIC LETTERING,FINISHED GOODS,Pass
The Emblem Source,USA,EMBLEM SOURCE,FINISHED GOODS,Pass
"Vung Tau Orient Co., Ltd",Vietnam,FENG TAY AC,FINISHED GOODS,Pass
DONGGUAN JUN SHENG FOOTWEAR PARTS CO LTD (KURIM DONGGUAN) (CHINA),China,KURIM,MATERIALS,Pass
VIETNAM CHINGLUH SHOES CO. Ltd.,Vietnam,CHING LUH,FINISHED GOODS,Pass
HUA FENG (CHINA),China,HUA FENG TEXTILE,MATERIALS,Pass
"Qingdao Changshin Shoes Co., LTD. Jimo Factory",China,CHANGSHIN,FINISHED GOODS,Pass
"Dongguan Youkai Industrial Co., Ltd",China,DONGGUAN YOUKAI,FINISHED GOODS,Pass
SHANGHAI YKK ZIPPER CO LTD (MINGHANG BRANCH),China,YKK,MATERIALS,Pass
ASIATAN (CHINA),China,ASIATAN,MATERIALS,Pass
"Vietnam Chingluh Shoes Co., Ltd - Vinh Long Branch",Vietnam,CHING LUH,FINISHED GOODS,Pass
CHANG SHIN DONG NAI COMPANY LTD,Vietnam,CHANGSHIN,FINISHED GOODS,Pass
"DECOTEX INTERNATIONAL, Ldta de C.V.",El Salvador,TEGRA,FINISHED GOODS,Pass
"Shaanxi White River Apparel CO., LTD.",China,SPORTS CITY,FINISHED GOODS,Pass
RAMATEX TEXTILES (NANTONG) LTD,China,RAMATEX,FINISHED GOODS,Pass
"Shoetown Footwear Co.,Ltd",China,SHOETOWN,FINISHED GOODS,Pass
"FORMOSA TAFFETA CO., LTD.",Taiwan,FORMOSA TAFFETA,MATERIALS,Pass
Der Will S.A.,Argentina,DER WILL,FINISHED GOODS,Pass
KUO YUEN (VIETNAM) TAY NINH,Vietnam,KUO YUEN,MATERIALS,Pass
HUA FENG (VIETNAM),Vietnam,HUA FENG TEXTILE,MATERIALS,Pass
WILSON (VIETNAM) LTD,Vietnam,WILSON GARMENT,FINISHED GOODS - COMPONENTS,Pass
"CAN SPORTS VIETNAM CO., LTD",Vietnam,SPORTS GEAR,FINISHED GOODS,Pass
CHANG SHIN INDONESIA,Indonesia,CHANGSHIN,FINISHED GOODS,Pass
"TREMON SPORTING GOODS ENTERPRISE CO.,LTD (A STRIKER)",Vietnam,TREMON,FINISHED GOODS,Pass
"Dalian YKK Zipper Co.,Ltd.",China,YKK,MATERIALS,Pass
Imperial Winona,USA,PARAMOUNT,FINISHED GOODS,Pass
Mas Fabrics Pvt Ltd - Methliya,Sri Lanka,MAS HOLDINGS,FINISHED GOODS,Pass
PT YC TEC INDONESIA,Indonesia,YC TEC CORPORATION,FINISHED GOODS - COMPONENTS,Pass
"Shoetown Hunan FOOTWEAR CO.,LTD",China,SHOETOWN,FINISHED GOODS,Pass
"VERTEX APPAREL 2022 CO.,LTD.",Thailand,HI TECH,FINISHED GOODS,Pass
"Di Seta (Cambodia) Co.,Ltd",Cambodia,DI SETA (CAMBODIA),FINISHED GOODS,Pass
"Berry Apparel (Cambodia) Co., Ltd.",Cambodia,RAMATEX,FINISHED GOODS,Pass
DUCKSAN CO LTD (Vietnam),Vietnam,DUCKSAN,MATERIALS,Pass
"UNIPAX VI THANH CO., LTD.",Vietnam,HWASEUNG CROWN,FINISHED GOODS,Pass
Staples Promotional Products,USA,STAPLES CONTRACT AND COMMERCIAL,FINISHED GOODS,Pass
TONG HONG TANNERY CO LTD (CHINA),China,TONG HONG,MATERIALS,Pass
Sterling Apparel Manufacturing L.L.C. Sahab,Jordan,MAS HOLDINGS,FINISHED GOODS,Pass
"SUMBER MASANDA JAYA, PT",Indonesia,PRATAMA,FINISHED GOODS,Pass
Sarno Display S.r.l. SOCIETA' BENEFIT,Italy,GATTO,FINISHED GOODS,Pass
"Sato knit Co., Ltd",Japan,SATO KNIT,FINISHED GOODS,Pass
LION BROTHERS (SHENZHEN) CO. LTD.,China,LION BROTHERS,FINISHED GOODS - COMPONENTS,Pass
"Feng Tay Enterprises Co., Ltd",Taiwan,FENG TAY,FINISHED GOODS,Pass
Far Eastern Apparel Limited Vietnam,Vietnam,FAR EASTERN,FINISHED GOODS,Pass
Delta Socks Ltd.,Israel,DELTA EQ GROUP,FINISHED GOODS,Pass
East Wind Footwear Company Limited (India Branch) - Unit 2,India,FENG TAY,FINISHED GOODS,Pass
"Xiamen Goge Garment Co., LTD",China,XIAMEN GOGE,FINISHED GOODS,Pass
Viet Khanh Company Limited,Vietnam,SOUTH ISLAND,FINISHED GOODS,Pass
HAYAFUJI,Japan,HAYAFUJI,FINISHED GOODS,Pass
AVERY DENNISON (GUANGZHOU) CONVERTED PRODUCTS LTD.,China,AVERY DENNISON,MATERIALS,Pass
JK GARMENTS (PRIVATE) LIMITED,Sri Lanka,HONSIN,FINISHED GOODS,Pass
HESHAN TOP EAGLE GARMENT LTD.,China,NICE APPAREL,FINISHED GOODS,Pass
"Pilotknit Sport Wear Co.,ltd.",Thailand,PILOT,FINISHED GOODS,Pass
PT Morich Indo Fashion,Indonesia,MORICH,FINISHED GOODS,Pass
Vertical Knits S.A. de C.V.,Mexico,VERTICAL KNITS,FINISHED GOODS,Pass
"Textiles La Paz, L.L.C.",El Salvador,FUN TEES,FINISHED GOODS,Pass
"JOONGANG DYEING FABRIC CO., LTD",South Korea,JOONGANG TEXTILE,MATERIALS,Pass
SUNNY JET HOSIERY (CAMBODIA) CO.LTD,Cambodia,SUNNY JET,FINISHED GOODS,Pass
PAIHO (TAIWAN)- Knitting,Taiwan,PAIHO GROUP,MATERIALS,Pass
"Song Hong Garment JSC - Song Hong 7 Branch: Factory 11,12,13,14",Vietnam,SONG HONG,FINISHED GOODS,Pass
"Paramount Apparel International, LLC.",USA,PARAMOUNT,FINISHED GOODS,Pass
Ramatex Apparel Suzhou Ltd.,China,RAMATEX,FINISHED GOODS,Pass
Vo Nhai Garment Branch – TNG Investment and Trading JSC,Vietnam,VO NHAI 1 GARMENT BRANCH,FINISHED GOODS,Pass
SAN FANG (TR1) (TAIWAN),Taiwan,SAN FANG,MATERIALS,Pass
DASS Nordeste Calcados e Artigos Esportivos LTDA.,Brazil,DASS,FINISHED GOODS,Pass
AVERY DENNISON INDIA PVT LTD,India,AVERY DENNISON,MATERIALS,Pass
"XingNing City XinChang Shoes Co., LTD. YeTang Branch",China,DEAN SHOES,FINISHED GOODS - COMPONENTS,Pass
"Pacific Athletic Wear, Inc. ",USA,PACIFIC ATHLETIC WEAR,FINISHED GOODS,Pass
BAIKSAN (KOREA),South Korea,BAIKSAN,MATERIALS,Pass
Avery Dennison Tekstil Urunleri Sanayi ve Ticaret Ltd. Sti.,Turkey,AVERY DENNISON,MATERIALS,Pass
"Dong Guan Goldenprene Sporting Goods Co., Ltd.",China,GUANG DER,FINISHED GOODS,Pass
YOUNGIL (INDONESIA),Indonesia,YOUNGIL LEATHER,MATERIALS,Pass
"JIANGSU JINHUBAO GARMENT CO., LTD",China,DECOR,FINISHED GOODS,Pass
PT PRATAMA ABADI INDUSTRI,Indonesia,PRATAMA,FINISHED GOODS,Pass
"LEE BOU INTERNATIONAL BINH DUONG CO., LTD",Vietnam,LEE BOU LABEL ENTERPRISE,FINISHED GOODS - COMPONENTS,Pass
"Evermax Garment Accessories (Cambodia)Co., LTD",Cambodia,MAXIM,MATERIALS,Pass
"BRANCH 1 OF GREENTECH HEADGEAR CO., LTD IN DONG NAI",Vietnam,ASIAN SOURCING HEADWEAR,FINISHED GOODS,Pass
VINH TIEN GARMENT JOINT STOCK COMPANY,Vietnam,SOUTH ISLAND,FINISHED GOODS,Pass
PT Jinlin Luggage Indonesia,Indonesia,FORMOSA,FINISHED GOODS,Pass
"CHANG SHIN VIETNAM COMPANY, LTD.",Vietnam,CHANGSHIN,FINISHED GOODS,Pass
COCALQUI COOPERATIVA DE TRABALHO DA INDUSTRIA DE CALCADOS DE QUIXERAMOBIM LTDA.,Brazil,ANIGER,FINISHED GOODS,Pass
POVOLO SRL,Italy,POVOLO,FINISHED GOODS,Pass
"Men-Chuen Viet Nam Co., Ltd. (Nhon Trach VI)",Vietnam,MEN CHUEN,FINISHED GOODS - COMPONENTS,Pass
PT Victory Chingluh Indonesia,Indonesia,CHING LUH,FINISHED GOODS,Pass
"Olive Apparel (Cambodia) Co., Ltd.",Cambodia,RAMATEX,FINISHED GOODS,Pass
PT. Kanindo Makmur Jaya,Indonesia,KANAAN,FINISHED GOODS,Pass
MEN CHUEN FIBRE INDUSTRY CO LTD (LUZHU),Taiwan,MEN CHUEN,MATERIALS,Pass
South Island Garment Sdn Bhd,Malaysia,SOUTH ISLAND,FINISHED GOODS,Pass
EVEREST TEXTILE CO LTD,Taiwan,EVEREST TEXTILE,MATERIALS,Pass
JERASH GARMENTS AND FASHION MANUFACTURING CO LTD - UNIT 4,Jordan,"JERASH GARMENTS & FASHIONS, UNIT 4",FINISHED GOODS,Pass
Big Game Sports,USA,BIG GAME SPORTS,FINISHED GOODS,Pass
PT Semarang Garment,Indonesia,ONTIDE,FINISHED GOODS,Pass
Charmgo (Cambodia) Co. Ltd,Cambodia,CHARMGO,FINISHED GOODS,Pass
SAN FANG (TR1) (CHINA),China,SAN FANG,MATERIALS,Pass
Song Hong - Nghia Hung Garment Joint Stock Company,Vietnam,SONG HONG NGHIA HUNG COMPANY,FINISHED GOODS,Pass
MAXPORT LIMITED VIET NAM NAM DINH BRANCH MAXPORT 05,Vietnam,MAXPORT,FINISHED GOODS,Pass
"Fu-Luh Shoes Co., LTD",Vietnam,CHING LUH,FINISHED GOODS,Pass
"TIONG LIONG-Tiong Liong Industrial Co., Ltd. (Lamination)",Taiwan,TIONG LIONG GROUP,MATERIALS,Pass
"CHANG SHIN VIETNAM CO., LTD",Vietnam,CHANGSHIN,FINISHED GOODS,Pass
BRANCH OF MDK EMBROIDERIES GARMENTS COMPANY LIMITED - BINH CHANH 2 FACTORY,Vietnam,"THUAN PHUONG EMBROIDERIES GARMENTS CO., LTD - BINH CHANH FACTORY 2",FINISHED GOODS,Pass
"Future Garment Co., Ltd.",Thailand,HI TECH,FINISHED GOODS,Pass
ELITE SPORTSWEAR L.P.,USA,ELITE SPORTSWEAR,FINISHED GOODS,Pass
Qingyuan City Liannan Yao Nationality Autonomous County Rongfang Footwear,China,SHOETOWN,FINISHED GOODS,Pass
"Cheng Horng Industrial Co., Ltd.",Taiwan,LITTLE KING,MATERIALS,Pass
"Dongguan Dingjia Sporting Goods Co.,Ltd.",China,DONGGUAN DINGJIA,FINISHED GOODS,Pass
GreenTech Headgear Company Limited,Vietnam,ASIAN SOURCING HEADWEAR,FINISHED GOODS,Pass
Gianel Shoes srl,Italy,GIANEL,FINISHED GOODS,Pass
"Apple Apparel (Cambodia) Co., Ltd.",Cambodia,RAMATEX,FINISHED GOODS,Pass
"WEIXING INDUSTRIAL DEVELOPMENT CO., LTD. LINHAI ZIPPER BRANCH",China,WEIXING INDUSTRIAL DEVELOPMENT CO LTD,MATERIALS,Pass
"Annora Vietnam  Footwear Co.,Ltd",Vietnam,HUALI,FINISHED GOODS,Pass
TKG TAEKWANG VINA JOINT STOCK COMPANY-MY THO BRANCH,Vietnam,TAEKWANG,FINISHED GOODS - COMPONENTS,Pass
ALSTON APPAREL INC.,Philippines,SPORTS CITY,FINISHED GOODS,Pass
Pou Chen Corporation,Taiwan,POU CHEN,FINISHED GOODS,Pass
"Vietnam Golden Victory Co., Ltd.",Vietnam,STELLA,FINISHED GOODS,Pass
Zhejiang Guangtai Delta Socks Co. Ltd.,China,DELTA EQ GROUP,FINISHED GOODS,Pass
"Oriental Garment Co., Ltd – Nongbuadang",Thailand,ORIENTAL GARMENT,FINISHED GOODS,Pass
EUN SUNG GLOBAL CO LTD (KOREA),South Korea,EUN SUNG GLOBAL,MATERIALS,Pass
Dae Young Vina,Vietnam,DAE YOUNG RUBBER,FINISHED GOODS - COMPONENTS,Pass
Interloop Limited,Pakistan,INTERLOOP,FINISHED GOODS,Pass
Textivision,Mexico,FAR EASTERN,MATERIALS,Pass
TKG TAEKWANG VINA JOINT STOCK COMPANY,Vietnam,TAEKWANG,FINISHED GOODS,Pass
Sportek,Bosnia,DIAMANT,FINISHED GOODS,Pass
KURARAY CO LTD (CLARINO) (TR1) (TR1) (CHINA),China,KURARAY,MATERIALS,Pass
Dass Sul Calcados e Artigos Esportivos Ltda,Brazil,CLASSICO,FINISHED GOODS,Pass
"Fujian Xiefeng Footwear Co.,Ltd.",China,FENG TAY,FINISHED GOODS,Pass
PT. SHOETOWN LIGUNG INDONESIA,Indonesia,SHOETOWN,FINISHED GOODS,Pass
SAN FANG (TR1) (VIETNAM),Vietnam,SAN FANG,MATERIALS,Pass
"Eagle Nice (Yifeng) Garments Co., Ltd",China,EAGLE NICE,FINISHED GOODS,Pass
PT ECLAT TEXTILE INTERNATIONAL,Indonesia,ECLAT,FINISHED GOODS,Pass
Pingxiang City Guangxuan Footwear Co. Ltd.,China,SHOETOWN,FINISHED GOODS - COMPONENTS,Pass
Viet Long Hung Garment Company Limited,Vietnam,SOUTH ISLAND,FINISHED GOODS,Pass
YOU YOUNG (VIETNAM),Vietnam,YOU YOUNG,MATERIALS,Pass
ROLLSPORT VIETNAM FOOTWEAR LIMTED,Vietnam,HUALI,FINISHED GOODS - COMPONENTS,Pass
NAM THIEN COMPANY LIMITED,Vietnam,SOUTH ISLAND,FINISHED GOODS,Pass
KWAN TAT VIET NAM INDUSTRIAL LIMITED,Vietnam,KWAN TAT VIET NAM INDUSTRIAL LIMITED,FINISHED GOODS,Pass
KUO YUEN (TR1) (CHINA),China,KUO YUEN,MATERIALS,Pass
"Boling Digital (Xiamen) Technology Co.,Ltd",China,HADDAD,FINISHED GOODS,Pass
TDT Investment and Development JSC,Vietnam,TDT INVESTMENT AND DEVELOPMENT,FINISHED GOODS,Pass
TIGAMARO SRL,Italy,TIGAMARO,FINISHED GOODS,Pass
Maxport Limited (Viet Nam) - Thai Binh Branch,Vietnam,MAXPORT,FINISHED GOODS,Pass
Dass Nordeste Calcados e Artigos Esportivos Ltda,Brazil,DASS,FINISHED GOODS,Pass
MAS Al Safi Apparel Manufacturing LLC - Madaba,Jordan,MAS HOLDINGS,FINISHED GOODS,Pass
YANCHENG XINBO GARMENTS CO LTD,China,DECOR,FINISHED GOODS,Pass
Diamant srl,Italy,DIAMANT,FINISHED GOODS,Pass
ENVA TEXTILE GROUP FOR SOCKS PRODUCTION S.A.E,Egypt,ENVA TEXTILE GROUP,FINISHED GOODS,Pass
Lotus Footwear Enterprises Ltd. (India Branch) - Unit 1,India,FENG TAY,FINISHED GOODS,Pass
Ev-kon Tekstil San. Ve Tic. A.S.,Turkey,YESIM,FINISHED GOODS,Pass
Tho Xuan Corporation Company Limited,Vietnam,THO XUAN CORP,FINISHED GOODS,Pass
ISA INDUSTRIAL CO LTD (VIETNAM),Vietnam,ISA,MATERIALS,Pass
MILTEKS TEKSTIL SAN VE TIC AS,Turkey,MILTEKS,MATERIALS,Pass
"Atoms., Inc",Japan,ATOMS,FINISHED GOODS,Pass
Haivina Hong Linh Co. Ltd,Vietnam,HAIVINA HONG,FINISHED GOODS,Pass
Crystal Martin (Vietnam) Company Limited,Vietnam,CRYSTAL,FINISHED GOODS,Pass
GB LIGHT CO LTD (VIETNAM),Vietnam,GB LIGHT,MATERIALS,Pass
Lucky Star Vietnam Garment Company Limited,Vietnam,LUCKY STAR,FINISHED GOODS,Pass
"VIETNAM DONA ORIENT CO., LTD",Vietnam,FENG TAY,FINISHED GOODS,Pass
"Celeritas de San Bartolo, S.A. de C.V.",El Salvador,INDUSTRIAS MERLET,FINISHED GOODS,Pass
Texlan Center Private Limited,Sri Lanka,INTERLOOP,FINISHED GOODS,Pass
DUCKSAN CO LTD (KOREA),South Korea,DUCKSAN,MATERIALS,Pass
JOONGANG TEXTILE CO LTD (WARP/WEFT KNIT),South Korea,JOONGANG TEXTILE,MATERIALS,Pass
"Jiangxi Guangyou Shoetown Footwear Co., Ltd.",China,SHOETOWN,FINISHED GOODS,Pass
TEXTILES INTERNATIONAL OF EGYPT LTD.,Egypt,TIE TEXTILES,FINISHED GOODS,Pass
KUO YUEN (VIETNAM),Vietnam,KUO YUEN,MATERIALS,Pass
MAS KREEDA Shadeline ,Sri Lanka,MAS HOLDINGS,FINISHED GOODS,Pass
LIM SRL,Italy,LIM,FINISHED GOODS,Pass
Rollsport Vietnam Footwear Limited,Vietnam,HUALI,FINISHED GOODS,Pass
FORMOSA TAFFETA VIETNAM CO LTD,Vietnam,FORMOSA TAFFETA,MATERIALS,Pass
"SAB Industrial (Vietnam) Co.,Ltd.",Vietnam,WEIXING INDUSTRIAL DEVELOPMENT CO LTD,MATERIALS,Pass
Hua Feng Haptic Vietnam,Vietnam,HUA FENG TEXTILE,FINISHED GOODS - COMPONENTS,Pass
ORIENTAL GARMENT AN GIANG CO LTD,Vietnam,ORIENTAL GARMENT,FINISHED GOODS,Pass
GOLD LONG JOHN (TR1) (CHINA),China,GOLD LONG JOHN,FINISHED GOODS - COMPONENTS,Pass
PT Eagle Nice Indonesia,Indonesia,EAGLE NICE,FINISHED GOODS,Pass
SHANGHAI YKK ZIPPER CO LTD (NANHUI),China,YKK,MATERIALS,Pass
MAXIM SMART MANUFACTURING CO LTD,China,MAXIM,MATERIALS,Pass
TTG Co. Ltd.,Vietnam,SOUTH ISLAND,FINISHED GOODS,Pass
JDTEX INDUMENTARIA S.A.,Argentina,JDTEX INDUMENTARIA SA,FINISHED GOODS,Pass
"Shandong Yuanchenghe Garment Co.,Ltd",China,FAR EASTERN,FINISHED GOODS,Pass
TCS SRL,Italy,TCS,FINISHED GOODS,Pass
Grumax,Mexico,GRUPO,FINISHED GOODS,Pass
PT Marel Sukses Pratama,Indonesia,PT MAP,FINISHED GOODS,Pass
"Maxim Label and Packaging Vietnam Co., Ltd",Vietnam,MAXIM,MATERIALS,Pass
Marbelys 2,Guatemala,MARBELYS,FINISHED GOODS,Pass
"PROSPORTS FASHION (VIET NAM) CO., LTD.",Vietnam,PROSPORTS FASHION,FINISHED GOODS,Pass
EAGLE NICE VIETNAM COMPANY LIMITED,Vietnam,EAGLE NICE,FINISHED GOODS,Pass
"Xinchang Shoes Co.,Ltd",China,DEAN SHOES,FINISHED GOODS - COMPONENTS,Pass
Walt USA LLC,USA,ZHEJIANG WALT,FINISHED GOODS,Pass
XIANG ZHOU LEATHER CO LTD (CHINA),China,XIANG ZHOU LEATHER,MATERIALS,Pass
Ramatex Industrial (Nam Dinh) Company Limited,Vietnam,RAMATEX,MATERIALS,Pass
DAEHWA INDONESIA PT (TR1) (INDONESIA),Indonesia,DAEHWA,MATERIALS,Pass
"Vertex One Apparel Phils., Inc.",Philippines,SPORTS CITY,FINISHED GOODS,Pass
"Xiamen Xinduoyu Manufacturing Co., Ltd.",China,XIAMEN XINDUOYU MANUFACTURING,FINISHED GOODS,Pass
Avery Dennison RIS Vietnam Co. Ltd.,Vietnam,AVERY DENNISON,FINISHED GOODS - COMPONENTS,Pass
"Tremon Sporting Goods Enterprise Co.,Ltd",Vietnam,TREMON,FINISHED GOODS,Pass
"Huajin Textile Printing &Dyeing Co.,LTD",China,HUAJIN,MATERIALS,Pass
MAS KREEDA PDC & MEC,Sri Lanka,MAS HOLDINGS,FINISHED GOODS,Pass
TRIMCO GROUP (HONG KONG) CO LTD,China,TRIMCO GROUP,MATERIALS,Pass
MAS KREEDA Synergy ,Sri Lanka,MAS HOLDINGS,FINISHED GOODS,Pass
PT DAEWON ECO INDONESIA,Indonesia,DAEWON,MATERIALS,Pass
Cooperativa Textil Seuca Ltda.,Argentina,COOPERATIVA TEXTIL SEUCA,FINISHED GOODS,Pass
Ha Noi Garment No. 40 Joint Stock Company,Vietnam,MAXPORT,FINISHED GOODS,Pass
Ajara Textile Ltd (Rustavi),Georgia,MILTEKS,FINISHED GOODS,Pass
"JOY VINA FASHION CO., LTD",Vietnam,JOY VINA FASHION,FINISHED GOODS,Pass
"Long Yue Shoes Industrial Hui Zhou Co.,Ltd.",China,DEAN SHOES,FINISHED GOODS - COMPONENTS,Pass
PT YIH QUAN FOOTWEAR INDONESIA,Indonesia,LAI YIH,FINISHED GOODS,Pass
"JIAXING QUANG VIET GARMENT CO., LTD.",China,QUANG VIET,FINISHED GOODS,Pass
"PREMIER GLOBAL (VIETNAM) GARMENT FACTORY CO., LTD",Vietnam,NICE APPAREL,FINISHED GOODS,Pass
"WP Sports (Cambodia) Co., Ltd.",Cambodia,WELLPOWER,FINISHED GOODS,Pass
"CCH TOP VN CO., LTD.",Vietnam,CHUAN CHENG,FINISHED GOODS,Pass
Style Textile(Pvt.) Limited-SAP,Pakistan,STYLE TEXTILE,FINISHED GOODS,Pass
Jade Textile Alexandria  ,Egypt,YESIM,FINISHED GOODS,Pass
Gain Lucky (Vietnam) Limited,Vietnam,SHENZHOU,MATERIALS,Pass
PONY LEATHER CORPORATION (TAIWAN),Taiwan,PONY LEATHER CORPORATION,MATERIALS,Pass
PT Pratama Abadi Industri,Indonesia,PRATAMA,FINISHED GOODS,Pass
"Zhejiang Top Circle Textiles Co.,Ltd",China,ZHEJIANG TOP,FINISHED GOODS,Pass
Taitat Putra Rejeki,Indonesia,PT MAP,FINISHED GOODS,Pass
"Goodmate (Cambodia) Headwears Co., Ltd",Cambodia,GOODMATE,FINISHED GOODS,Pass
"Xiamen Kaiyuan Technology Co.,Ltd",China,XIAMEN KAIYUAN,FINISHED GOODS,Pass
"PHUC TAI TAY NINH CO., LTD",Vietnam,SPORTS GEAR,FINISHED GOODS,Pass
Avery Dennison RIS Italia S.r.l.,Italy,AVERY DENNISON,FINISHED GOODS - COMPONENTS,Pass
AVERY DENNISON RIS HONDURAS S DE R,Honduras,AVERY DENNISON,FINISHED GOODS - COMPONENTS,Pass
"Yichun Yisen Industry Co., Ltd",China,POU CHEN,FINISHED GOODS - COMPONENTS,Pass
PT MAS ARYA INDONESIA,Indonesia,MAS HOLDINGS,FINISHED GOODS,Pass
"Fujian Lifeng Footwear Industrial Development CO.,LTD.",China,FENG TAY,FINISHED GOODS,Pass
Ajara Textile Ltd (Poti),Georgia,MILTEKS,FINISHED GOODS,Pass
PT. TKG TAEKWANG CIREBON,Indonesia,TAEKWANG,FINISHED GOODS,Pass
Stretchline (Zhongshan) Limited,China,STRETCHLINE,MATERIALS,Pass
PT. CCH INDONESIA,Indonesia,CHUAN CHENG,FINISHED GOODS,Pass
SongSen Garment Suzhou Ltd,China,RAMATEX,FINISHED GOODS,Pass
YKK (THAILAND) CO LTD,Thailand,YKK,MATERIALS,Pass
"NAN YANG GARMENT CO.,LTD",Thailand,NAN YANG,FINISHED GOODS,Pass
COOPERSHOES - COOPERATIVA DE CALCADOS E COMPONENTES JOANETENSE LTDA - Las Flores,Argentina,COOPERSHOES,FINISHED GOODS,Pass
PT. CHANGSHIN  REKSA JAYA,Indonesia,CHANGSHIN,FINISHED GOODS,Pass
Sun Yuan Optical (Vietnam) Co. Ltd.,Vietnam,SUN YUAN OPTICAL (VIETNAM) CO LTD,FINISHED GOODS,Pass
Viet Long Giang Garment Joint Stock Company ,Vietnam,SOUTH ISLAND,FINISHED GOODS,Pass
"Shishi Maihong Clothing Co., LTD",China,SHISHI HONGTING,FINISHED GOODS,Pass
"Wilson Leather Cambodia Co., LTD.",Cambodia,GUANG DER,FINISHED GOODS,Pass
TOPSHOES IND CALCADOS SA,Brazil,COOPERSHOES,FINISHED GOODS,Pass
"Hao’s Fitness Equipment (Shanghai) Co., Ltd. TRADING LTD",China,JOSH SHANGHAI INDUSTRIAL,FINISHED GOODS,Pass
SHAOYANG STELLA FOOTWEAR COMPANY LIMITED,China,STELLA,FINISHED GOODS,Pass
Ningbo Eastex,China,NINGBO EASTEX,FINISHED GOODS,Pass
"Lijing Regina Miracle Intimate Apparel (Zhaoqing) Co., Ltd",China,REGINA MIRACLE,FINISHED GOODS,Pass
"Chang Wong Industrial Co., Ltd.",Taiwan,CHANG WONG INDUSTRIAL,FINISHED GOODS,Pass
"The Haddad Apparel Wuxi, Co., LTD",China,HADDAD,FINISHED GOODS,Pass
Pou Chen Vietnam Enterprise Ltd.,Vietnam,POU CHEN,FINISHED GOODS,Pass
"A & K Designs, Inc.",USA,A & K DESIGNS,FINISHED GOODS,Pass
Sewing Jonah,Japan,SEWING JONAH,FINISHED GOODS,Pass
PT Sport Glove Indonesia ,Indonesia,PT SPORT,FINISHED GOODS,Pass
"DIN SEN VIETNAM (LONG AN) ENTERPRISE CO., LTD",Vietnam,EAGLE NICE,FINISHED GOODS,Pass
PRIME ASIA (VIETNAM),Vietnam,PRIME ASIA,MATERIALS,Pass
"DONA VICTOR FOOTWEAR CO., LTD",Vietnam,FENG TAY,FINISHED GOODS,Pass
TKG TAEKWANG MOC BAI JOINT STOCK COMPANY,Vietnam,TAEKWANG,FINISHED GOODS,Pass
"Papillion Textile (Cambodia) Co., Ltd",Cambodia,TUNTEX,FINISHED GOODS,Pass
"Fujian Zhuojian Garment Technology Co., Ltd",China,FUJIAN ZHUOJIAN,FINISHED GOODS,Pass
"Hip Keung (Cambodia) Manufacturing Co., Ltd.",Cambodia,HIP KEUNG,FINISHED GOODS,Pass
East Wind Footwear Company Limited (India Branch) - Unit I,India,FENG TAY,FINISHED GOODS,Pass
PT Nikomas Gemilang,Indonesia,POU CHEN,FINISHED GOODS,Pass
Supertex El Salvador S.A. de C.V.,El Salvador,SUPERTEX,FINISHED GOODS,Pass
"JINGNING XUANCHEN TECHNOLOGY CO., LTD.",China,JINGNING XUANCHEN TECHNOLOGY,FINISHED GOODS,Pass
"QINGDAO MAITE FITNESS EQUIPMENT CO.,LTD",China,QINGDAO MAITE,FINISHED GOODS,Pass
"Unipax Co., Ltd",Vietnam,HWASEUNG CROWN,FINISHED GOODS,Pass
DAE SUNG METAL CO LTD (CHINA),China,DAE SUNG METAL,MATERIALS,Pass
SAMBU FINE CHEMICAL CO LTD (KOREA),South Korea,SAMBU FINE CHEMICAL,MATERIALS,Pass
PT Victory Chingluh Indonesia,Indonesia,CHING LUH,FINISHED GOODS,Pass
"Dona Pacific (Vietnam) Co., Ltd.",Vietnam,FENG TAY,FINISHED GOODS,Pass
Ningbo Bell Garment Industrial Co. Ltd,China,NINGBO BELL,FINISHED GOODS,Pass
Viet Tien Garment Corporation,Vietnam,SOUTH ISLAND,FINISHED GOODS,Pass
EVEREST TEXTILES CHINA,China,EVEREST TEXTILE,MATERIALS,Pass
PT PRATAMA ABADI INDUSTRI,Indonesia,PRATAMA,FINISHED GOODS,Pass
COSMO-E-MART NON-WOVEN COMPANY LIMITED,Vietnam,COSMOPOLITAN TEXTILE,MATERIALS,Pass
"DONGGUAN RICHWAY HANDBAG CO., LTD.",China,DONGGUAN RICHWAY,FINISHED GOODS,Pass
DONGJIN TEXTILE VINA,Vietnam,DONGJIN,MATERIALS,Pass
"Nanjing 3H Medical Products Co., Ltd.",China,NANJING 3H MEDICAL,FINISHED GOODS,Pass
Almaxtex Tekstil Sanayi ve Ticaret A.S.,Turkey,YESIM,FINISHED GOODS,Pass
"Chun Yu Ribbon ENT Co., Ltd.",Taiwan,CHI YANG RIBBON,MATERIALS,Pass
Cygnus Investments S.A. de C.V.,El Salvador,CYGNUS,FINISHED GOODS,Pass
"Walt Technology Group Co., Ltd.",China,ZHEJIANG WALT,FINISHED GOODS,Pass
"Pinghu Lipai Bags and Luggage Co., Ltd.",China,PINGHU LIPAI,FINISHED GOODS,Pass
MAS Fabrics (Private) Limited - Matrix,Sri Lanka,MAS HOLDINGS,MATERIALS,Pass
AURORA VIETNAM INDUSTRIAL FOOTWEAR CO. LTD,Vietnam,HUALI,FINISHED GOODS,Pass
RAMATEX INDUSTRIAL SUZHOU LTD,China,RAMATEX,FINISHED GOODS,Pass
TKG ECO MATERIAL SYNTHETIC (TR1) (KOREA),South Korea,TKG ECO MATERIAL,FINISHED GOODS - COMPONENTS,Pass
"NINGBO SHENZHOU KNITTING CO., LTD",China,SHENZHOU,MATERIALS,Pass
DASS NORDESTE CALÇADOS E ARTIGOS ESPORTIVOS LTDA,Brazil,DASS,FINISHED GOODS,Pass
"Avery Dennison (Suzhou) Co.,Ltd ",China,AVERY DENNISON,MATERIALS,Pass
Far Eastern Apparel (Vietnam) Limited,Vietnam,FAR EASTERN,FINISHED GOODS,Pass
Sabrina Cambodia Garment Manufacturing,Cambodia,SABRINA,FINISHED GOODS,Pass
Asena 4,Moldova,YESIM,FINISHED GOODS,Pass
Interloop Limited Apparel Park,Pakistan,INTERLOOP,FINISHED GOODS,Pass
Guangzhou Yisetong Clothing Co.Ltd,China,GUANGZHOU YISETONG,FINISHED GOODS,Pass
Textil H.J.Hering Ltda,Brazil,TEXTIL H.J. HERING,FINISHED GOODS,Pass
EVEREST TEXTILES THAILAND-V,Thailand,EVEREST TEXTILE,MATERIALS,Pass
"WUXI BROTHERS PACKAGING CO., LTD ",China,"WUXI BROTHERS PACKAGING CO., LTD",FINISHED GOODS,Pass
Fairway Enterprises Company Ltd (India Branch) - Unit 1,India,FENG TAY,FINISHED GOODS,Pass
JUNMAY LABEL (TAIWAN),Taiwan,JUNMAY LABEL,MATERIALS,Pass
Vertical Knits S.A. de C.V. (MDC - Tizimin),Mexico,VERTICAL KNITS,FINISHED GOODS,Pass
Vertical Knits S.A. de C.V. (MDC - Campeche),Mexico,VERTICAL KNITS,FINISHED GOODS,Pass
YICHANE CO.LTD,Taiwan,YICHANE,FINISHED GOODS,Pass
KURARAY CO LTD (CLARINO) (TR1) (JAPAN),Japan,KURARAY,MATERIALS,Pass
VIET NAM ARGENT OPTICAL LIMITED COMPANY,Vietnam,VIET NAM ARGENT OPTICAL,FINISHED GOODS,Pass
Zentrix Huamantla,Mexico,ZENTRIX,FINISHED GOODS,Pass
PT DAH JU INDONESIA,Indonesia,DAH SHENG,MATERIALS,Pass
"TKG TAEKWANG INDUSTRY CO., LTD.",South Korea,TAEKWANG,FINISHED GOODS,Pass
Sun Luen International Corporation,Taiwan,TIONG LIONG GROUP,MATERIALS,Pass
Far Eastern New Apparel (Vietnam) Ltd (MDC),Vietnam,FAR EASTERN,FINISHED GOODS,Pass
"Thai Sock Co., Ltd.",Thailand,THAI SOCKS,FINISHED GOODS,Pass
Marbelys,Guatemala,MARBELYS,FINISHED GOODS,Pass
"Fanatics Licensed Sports Group, LLC. - Hoover",USA,FANATICS,FINISHED GOODS,Pass
PPSEC COMPANY LIMITED,Cambodia,SEC ACCESSORIES,FINISHED GOODS - COMPONENTS,Pass
PT. Dae Young Technology Indonesia,Indonesia,DAE YOUNG RUBBER,FINISHED GOODS - COMPONENTS,Pass
"FASHION GARMENTS MEKONG CO., LTD",Vietnam,FASHION GARMENTS,FINISHED GOODS,Pass
PROMAX TEXTILE (VIETNAM) CO. LTD,Vietnam,PROMAX TEXTILE,MATERIALS,Pass
Hi-Tech Savannakhet Apparel Sole Company Limited,Laos,HI TECH,FINISHED GOODS,Pass
"Hi-Tech Chaiyaphum Apparel (2020) Co.,Ltd.",Thailand,HI TECH,FINISHED GOODS,Pass
ECI ELASTIC CO LTD,Taiwan,ECI,FINISHED GOODS - COMPONENTS,Pass
YRC TEXTILE,Thailand,YRC TEXTILE,MATERIALS,Pass
"Viet Hong Garment Export Co., Ltd.",Vietnam,SOUTH ISLAND,FINISHED GOODS,Pass
SIMONA TANNING (ZHONGSHAN) CO. LIMITED,China,SIMONA TANNING,MATERIALS,Pass
VIETNAM JINTAI TEXTILE TECHNOLOGY COMPANY LIMITED,Vietnam,JOV GARMENT ACCESSORIAL MATERIAL,MATERIALS,Pass
Longway Vietnam Company Limited,Vietnam,LONGWAY,FINISHED GOODS,Pass
SADESA THAILAND (KABINBURI),Thailand,SADESA,MATERIALS,Pass
"MARVEL GARMENT CO.,LTD.",Cambodia,SHENZHOU,FINISHED GOODS,Pass
"Asia Caps (Thailand) Co., Ltd.",Thailand,ASIA CAPS,FINISHED GOODS,Pass
SAN FANG (TR1) (INDONESIA),Indonesia,SAN FANG,MATERIALS,Pass
Ramatex Textiles Industrial Sdn Bhd,Malaysia,RAMATEX,MATERIALS,Pass
VIMAL CLOTHING ENTERPRISE CC,South Africa,VIMAL CLOTHING,FINISHED GOODS,Pass
framas Korea,South Korea,FRAMAS,FINISHED GOODS - COMPONENTS,Pass
TKG TAEKWANG CAN THO COMPANY LIMITED,Vietnam,TAEKWANG,FINISHED GOODS,Pass
GILDAN HOSIERY RIO NANCE S de R.L.,Honduras,GILDAN,FINISHED GOODS,Pass
Ha Thanh Garment Joint Stock Company,Vietnam,THUAN PHUONG,FINISHED GOODS,Pass
COOPERSHOES - COOPERATIVA DE TRABALHO E INDUSTRIA DE CALÇADOS JOANETENSE LTDA (Picada Café),Brazil,COOPERSHOES,FINISHED GOODS,Pass
DONGJIN (Indonesia),Indonesia,DONGJIN,MATERIALS,Pass
"QUANG VIET ENTERPRISE CO., LTD",Vietnam,QUANG VIET,FINISHED GOODS,Pass
PROMAX TEXTILE (VIETNAM) CO. LTD.  (FTY 2),Vietnam,PROMAX TEXTILE,MATERIALS,Pass
Lotus Footwear Enterprises Limited Unit-2,India,FENG TAY,FINISHED GOODS,Pass
Diamant srl #2,Italy,DIAMANT,FINISHED GOODS,Pass
PAIHO (DONGGUAN 3),China,PAIHO GROUP,MATERIALS,Pass
Ripon Athletic,USA,RIPON,FINISHED GOODS,Pass
ShaoYang LianTai SQ HanShou Upper Facility,China,STELLA,FINISHED GOODS - COMPONENTS,Pass
"Jerash Garments and Fashions Manufacturing Co.Ltd, Al - Hasa Unit ",Jordan,"JERASH GARMENTS & FASHIONS, AL-HASA UNIT APPAREL",FINISHED GOODS,Pass
FAR EASTERN POLYTEX (VIETNAM) LTD,Vietnam,FAR EASTERN,MATERIALS,Pass
PT Mitra Garindo Perkasa,Indonesia,MAP,FINISHED GOODS,Pass
DOG STYLE SA DE CV,Mexico,DOG STYLE SA,FINISHED GOODS,Pass
NICE APPAREL COMPANY LIMITED,Thailand,NICE APPAREL,FINISHED GOODS,Pass
"Hi-Tech Chai1 Co.,Ltd. ",Thailand,HI TECH,FINISHED GOODS,Pass
"Ting Heng Co., Ltd",Vietnam,TING HENG,MATERIALS,Pass
"LI CHENG ENTERPRISE CO.,LTD",Taiwan,LI CHENG ENTERPRISE,FINISHED GOODS - COMPONENTS,Pass
"HI-TECH SURIN APPAREL (2020) CO., LTD (00001)",Thailand,HI TECH,FINISHED GOODS,Pass
Quanzhou Unison Light Industrial Manufacturing Co. Ltd.,China,QUANZHOU UNISON LIGHT INDUSTRIAL,FINISHED GOODS,Pass
"EISHIN CO., LTD.",Japan,CROSTER,FINISHED GOODS,Pass
PETTENATI,Brazil,PETTENATI,FINISHED GOODS,Pass
ANIGER CALCADOS SUPRIMENTOS E EMPREENDIMENTOS LTDA,Brazil,ANIGER,FINISHED GOODS,Pass
EverTech Plastic Vietnam Company LTD Branch,Vietnam,EVER TECH,FINISHED GOODS - COMPONENTS,Pass
Ad Dulyal,Jordan,MAS HOLDINGS,FINISHED GOODS,Pass
"Lok Wah (Vietnam) Manufacturing Co., Ltd",Vietnam,LOK WAH,FINISHED GOODS,Pass
DUCKSAN ,South Korea,DUCKSAN,FINISHED GOODS - COMPONENTS,Pass
"SUNNY JET HOSIERY CO., LIMITED",China,SUNNY JET,FINISHED GOODS,Pass
Dongguan leefong label manufacture co ltd.,China,LEE BOU LABEL ENTERPRISE,FINISHED GOODS,Pass
Styldea SRL,Italy,STYLDEA,FINISHED GOODS,Pass
"AHP APPAREL PVT LTD., UNIT 60",India,SHAHI,FINISHED GOODS,Pass
"framas Korea Vina Co., Ltd",Vietnam,FRAMAS,FINISHED GOODS - COMPONENTS,Pass
TONG HONG TANNERY CO LTD (VIETNAM),Vietnam,TONG HONG,MATERIALS,Pass
GOLD LONG JOHN (VIETNAM),Vietnam,GOLD LONG JOHN,FINISHED GOODS - COMPONENTS,Pass
"Shenzhen Allwell Sports Products Manufacturing Co.,Ltd",China,SHENZHEN ALLWELL,FINISHED GOODS,Pass
VIRTUE KING VIETNAM COMPANY LIMITED,Vietnam,GUANG DER,FINISHED GOODS,Pass
DASS NORDESTE CALCADOS E ARTIGOS ESPORTIVOS LTDA.,Brazil,CLASSICO,FINISHED GOODS,Pass
"FORMOSA TAFFETA (CHANGSHU) CO., LTD",China,FORMOSA TAFFETA,MATERIALS,Pass
Nice Apparel Company Limited Branch Chumphae,Thailand,NICE APPAREL,FINISHED GOODS,Pass
"Vietnam ECI Elastic Co., Ltd",Vietnam,ECI,MATERIALS,Pass
Shoetown JinTan,China,SHOETOWN,FINISHED GOODS,Pass
"DAEWON CHEMICAL VINA CO., LTD.",Vietnam,DAEWON,MATERIALS,Pass
YKK Taiwan Chung Li 3rd Factory,Taiwan,YKK,MATERIALS,Pass
"QINGDAO HONGTAISHENGDA TRADE CO., LTD.",China,"QINGDAO HONGTAISHENGDA TRADE CO., LTD.",FINISHED GOODS - COMPONENTS,Pass
PT Trigoldenstar Wisesa,Indonesia,TRIGOLDENSTAR,FINISHED GOODS,Pass
"Vietnam Dona Standard Footwear Co., Ltd",Vietnam,FENG TAY,FINISHED GOODS,Pass
